YEAR,WEEK,% WEIGHTED ILI,%UNWEIGHTED ILI,AGE 0-4,AGE 25-64,AGE 5-24,AGE 65,ILITOTAL,NUM. OF PROVIDERS,TOTAL PATIENTS,TOTAL SPECIMENS,TOTAL B,TOTAL A
1997,40,1.10148,1.21686,179,157,205,29,570,192,46842,1291,0,0
1997,41,1.20007,1.28064,199,151,242,23,615,191,48023,1513,0,11
1997,42,1.37876,1.23906,228,153,266,34,681,219,54961,1552,1,16
1997,43,1.1992,1.14473,188,193,236,36,653,213,57044,1669,0,7
1997,44,1.65618,1.26112,217,162,280,41,700,213,55506,1897,0,10
1997,45,1.41326,1.28275,178,148,281,48,655,195,51062,2106,0,6
1997,46,1.9868,1.44579,294,240,328,70,932,248,64463,2204,1,7
1997,47,2.44749,1.64796,288,293,456,63,1100,256,66749,2533,1,22
1997,48,1.73901,1.67517,268,206,343,69,886,252,52890,2242,1,36
1997,49,1.93919,1.61739,299,282,415,102,1098,253,67887,2607,1,39
1997,50,2.28166,1.76632,346,268,388,81,1083,242,61314,3086,2,96
1997,51,2.50761,2.10398,348,235,362,59,1004,190,47719,3410,0,243
1997,52,4.11352,3.13655,510,404,492,113,1519,251,48429,3349,0,422
1997,53,5.62372,3.7185,579,584,576,207,1946,250,52333,4402,1,789
1998,1,4.37398,3.59225,639,759,810,207,2415,254,67228,5294,3,1019
1998,2,4.19434,3.68922,690,654,1121,148,2613,255,70828,5501,4,1147
1998,3,5.42123,4.60396,856,679,1440,151,3126,245,67898,6196,1,1586
1998,4,5.66137,4.91007,824,817,1600,196,3437,245,69999,6730,1,1888
1998,5,5.97802,4.82687,881,769,1471,233,3354,239,69486,6288,1,1679
1998,6,4.7358,3.9459,699,671,1101,146,2617,234,66322,5867,5,1425
1998,7,3.44581,3.1081,457,523,849,119,1948,223,62675,4904,4,983
1998,8,2.47799,2.13953,313,330,534,112,1289,217,60247,3975,4,562
1998,9,1.65732,1.43954,241,214,308,64,827,211,57449,3169,3,304
1998,10,1.96952,1.47879,201,183,305,59,748,208,50582,2658,6,196
1998,11,1.58545,1.08556,162,123,249,51,585,200,53889,2234,5,116
1998,12,1.80474,0.997967,156,93,196,41,486,177,48699,2048,6,78
1998,13,1.04624,0.744205,90,92,144,32,358,182,48105,1683,7,40
1998,14,1.4004,0.856631,82,93,152,41,368,170,42959,1532,6,28
1998,15,0.79687,0.621737,64,73,106,19,262,156,42140,1357,12,27
1998,16,0.717097,0.670954,82,68,100,15,265,155,39496,1421,4,17
1998,17,1.00238,0.694082,58,61,120,27,266,148,38324,1236,6,10
1998,18,0.908403,0.583457,39,64,93,13,209,136,35821,1142,5,11
1998,19,0.443014,0.57764,79,37,61,9,186,131,32200,1038,4,5
1998,20,0.638986,0.605216,54,40,52,19,165,120,27263,938,7,2
1998,21,0.0,0.0,0,0,0,0,0,0,0,0,0,0
1998,22,0.0,0.0,0,0,0,0,0,0,0,0,0,0
1998,23,0.0,0.0,0,0,0,0,0,0,0,0,0,0
1998,24,0.0,0.0,0,0,0,0,0,0,0,0,0,0
1998,25,0.0,0.0,0,0,0,0,0,0,0,0,0,0
1998,26,0.0,0.0,0,0,0,0,0,0,0,0,0,0
1998,27,0.0,0.0,0,0,0,0,0,0,0,0,0,0
1998,28,0.0,0.0,0,0,0,0,0,0,0,0,0,0
1998,29,0.0,0.0,0,0,0,0,0,0,0,0,0,0
1998,30,0.0,0.0,0,0,0,0,0,0,0,0,0,0
1998,31,0.0,0.0,0,0,0,0,0,0,0,0,0,0
1998,32,0.0,0.0,0,0,0,0,0,0,0,0,0,0
1998,33,0.0,0.0,0,0,0,0,0,0,0,0,0,0
1998,34,0.0,0.0,0,0,0,0,0,0,0,0,0,0
1998,35,0.0,0.0,0,0,0,0,0,0,0,0,0,0
1998,36,0.0,0.0,0,0,0,0,0,0,0,0,0,0
1998,37,0.0,0.0,0,0,0,0,0,0,0,0,0,0
1998,38,0.0,0.0,0,0,0,0,0,0,0,0,0,0
1998,39,0.0,0.0,0,0,0,0,0,0,0,0,0,0
1998,40,1.57733,0.697291,115,139,210,26,490,304,70272,1407,0,2
1998,41,1.3088,0.784777,133,174,262,36,605,328,77092,1453,0,5
1998,42,1.41744,0.902906,217,225,287,54,783,350,86720,1654,0,3
1998,43,1.18272,1.13792,278,226,530,52,1086,377,95437,1814,5,1
1998,44,2.33432,1.01551,298,262,414,60,1034,388,101821,2051,0,18
1998,45,1.81577,1.0009,258,292,402,70,1022,400,102108,2222,4,10
1998,46,2.17975,1.13895,355,281,478,64,1178,372,103429,2051,4,4
1998,47,2.1124,1.44938,291,322,512,83,1208,403,83346,1809,8,9
1998,48,2.04854,1.13908,319,310,453,94,1176,392,103241,2397,11,17
1998,49,1.93248,1.16023,353,303,461,85,1202,399,103600,2432,21,24
1998,50,1.90468,1.17127,312,320,426,83,1141,396,97416,2428,14,28
1998,51,2.55983,1.49061,335,296,359,74,1064,384,71380,2207,27,56
1998,52,3.99108,1.84288,418,466,377,162,1423,382,77216,2706,31,129
1999,1,3.08581,1.8239,439,659,548,134,1780,396,97593,3524,76,255
1999,2,4.16383,2.54354,431,962,874,140,2407,396,94632,3889,111,463
1999,3,5.58049,3.61581,801,1168,1689,206,3864,399,106864,4262,153,712
1999,4,5.25328,4.07912,755,1419,2185,186,4545,397,111421,5210,269,881
1999,5,6.74667,5.0776,970,1562,2919,219,5670,397,111667,6143,400,1278
1999,6,7.57188,5.04884,1029,1591,2911,237,5768,379,114244,6574,407,1453
1999,7,6.87287,4.69331,822,1599,2275,224,4920,376,104830,6723,379,1336
1999,8,6.35098,4.23423,800,1520,1932,234,4486,352,105946,6616,366,1303
1999,9,5.41099,4.02363,769,1357,1543,241,3910,359,97176,5933,334,1053
1999,10,4.55008,2.99348,539,1041,1140,202,2922,351,97612,4289,216,667
1999,11,3.85915,2.37759,458,704,778,130,2070,339,87063,4014,176,451
1999,12,2.99601,2.01715,378,548,641,129,1696,321,84079,3242,121,343
1999,13,1.97814,1.37688,243,382,397,69,1091,313,79237,2712,61,163
1999,14,1.16887,0.88283,127,202,265,38,632,277,71588,2222,38,138
1999,15,1.09302,0.613811,102,102,175,17,396,268,64515,1721,20,91
1999,16,0.633169,0.42177,59,66,133,13,271,258,64253,1368,8,28
1999,17,0.639561,0.615513,111,118,150,20,399,255,64824,1108,3,25
1999,18,1.55531,0.302287,35,50,84,11,180,237,59546,982,4,13
1999,19,0.80802,0.522623,102,88,86,16,292,227,55872,801,4,5
1999,20,1.33997,0.529526,100,68,100,15,283,222,53444,618,1,6
1999,21,0.0,0.0,0,0,0,0,0,0,0,239,0,7
1999,22,0.0,0.0,0,0,0,0,0,0,0,97,0,1
1999,23,0.0,0.0,0,0,0,0,0,0,0,20,0,0
1999,24,0.0,0.0,0,0,0,0,0,0,0,0,0,0
1999,25,0.0,0.0,0,0,0,0,0,0,0,0,0,0
1999,26,0.0,0.0,0,0,0,0,0,0,0,0,0,0
1999,27,0.0,0.0,0,0,0,0,0,0,0,0,0,0
1999,28,0.0,0.0,0,0,0,0,0,0,0,0,0,0
1999,29,0.0,0.0,0,0,0,0,0,0,0,0,0,0
1999,30,0.0,0.0,0,0,0,0,0,0,0,0,0,0
1999,31,0.0,0.0,0,0,0,0,0,0,0,0,0,0
1999,32,0.0,0.0,0,0,0,0,0,0,0,0,0,0
1999,33,0.0,0.0,0,0,0,0,0,0,0,0,0,0
1999,34,0.0,0.0,0,0,0,0,0,0,0,0,0,0
1999,35,0.0,0.0,0,0,0,0,0,0,0,0,0,0
1999,36,0.0,0.0,0,0,0,0,0,0,0,0,0,0
1999,37,0.0,0.0,0,0,0,0,0,0,0,0,0,0
1999,38,0.0,0.0,0,0,0,0,0,0,0,0,0,0
1999,39,0.0,0.0,0,0,0,0,0,0,0,0,0,0
1999,40,0.831219,0.977255,264,228,273,26,791,316,80941,1687,0,18
1999,41,1.40445,1.06706,292,297,351,57,997,361,93434,1883,1,19
1999,42,1.31721,0.942688,346,293,371,57,1067,386,113187,2097,3,44
1999,43,1.38161,1.01621,371,289,367,62,1089,355,107163,2162,0,57
1999,44,1.41607,1.19439,438,434,607,91,1570,449,131448,2454,2,94
1999,45,1.48438,1.24149,473,461,535,101,1570,456,126461,2576,0,148
1999,46,1.52614,1.28568,443,544,622,92,1701,459,132304,2862,0,231
1999,47,1.85336,1.69132,483,714,504,132,1833,455,108377,2709,1,285
1999,48,2.32907,1.73731,518,994,835,137,2484,469,142980,3845,0,527
1999,49,2.70254,2.33715,643,1316,1124,181,3264,480,139657,4422,1,844
1999,50,3.50454,2.93022,828,1676,1405,299,4208,475,143607,5597,4,1302
1999,51,5.40799,4.41985,1130,2189,1399,450,5168,472,116927,5575,1,1725
1999,52,7.04228,5.64698,1339,3146,1697,664,6846,471,121233,7323,4,2147
2000,1,6.76846,5.15025,1314,3250,2043,665,7272,482,141197,8423,1,2102
2000,2,5.52808,3.90316,1011,2251,1746,462,5470,467,140143,7722,2,1643
2000,3,3.80508,2.91178,851,1357,1334,315,3857,450,132462,6242,3,1041
2000,4,3.41177,2.1567,722,962,1048,169,2901,433,134511,5482,5,690
2000,5,2.4,1.81295,633,786,914,145,2478,441,136683,4550,1,484
2000,6,1.8912,1.6166,599,646,862,116,2223,437,137511,4059,4,408
2000,7,1.35503,1.26702,539,447,610,72,1668,413,131648,3523,6,257
2000,8,1.33212,1.14107,452,328,481,64,1325,382,116119,3142,9,191
2000,9,1.49127,1.23509,499,360,477,49,1385,370,112138,2698,5,95
2000,10,1.26826,1.01933,381,256,394,57,1088,363,106737,2195,6,69
2000,11,1.05854,0.926459,342,206,342,44,934,338,100814,1960,5,48
2000,12,0.92201,0.911006,305,229,346,37,917,326,100658,1879,3,30
2000,13,0.892334,0.823722,282,206,320,29,837,320,101612,1708,3,18
2000,14,0.929201,0.725443,186,171,286,23,666,295,91806,1506,4,15
2000,15,0.655592,0.579775,178,127,196,21,522,289,90035,1294,5,17
2000,16,0.607002,0.451177,107,96,120,24,347,280,76910,1212,5,18
2000,17,0.600003,0.438685,112,80,141,14,347,274,79100,1108,4,12
2000,18,0.547247,0.440517,93,77,147,7,324,257,73550,1061,6,4
2000,19,0.476417,0.351667,67,77,85,10,239,248,67962,947,1,1
2000,20,0.445917,0.36646,79,64,65,11,219,233,59761,865,2,0
2000,21,0.0,0.0,0,0,0,0,0,0,0,772,2,4
2000,22,0.0,0.0,0,0,0,0,0,0,0,620,0,3
2000,23,0.0,0.0,0,0,0,0,0,0,0,666,2,1
2000,24,0.0,0.0,0,0,0,0,0,0,0,680,1,0
2000,25,0.0,0.0,0,0,0,0,0,0,0,565,0,0
2000,26,0.0,0.0,0,0,0,0,0,0,0,551,1,0
2000,27,0.0,0.0,0,0,0,0,0,0,0,26,0,0
2000,28,0.0,0.0,0,0,0,0,0,0,0,41,0,0
2000,29,0.0,0.0,0,0,0,0,0,0,0,28,0,0
2000,30,0.0,0.0,0,0,0,0,0,0,0,5,0,0
2000,31,0.0,0.0,0,0,0,0,0,0,0,1,0,0
2000,32,0.0,0.0,0,0,0,0,0,0,0,0,0,0
2000,33,0.0,0.0,0,0,0,0,0,0,0,0,0,0
2000,34,0.0,0.0,0,0,0,0,0,0,0,0,0,0
2000,35,0.0,0.0,0,0,0,0,0,0,0,0,0,0
2000,36,0.0,0.0,0,0,0,0,0,0,0,0,0,0
2000,37,0.0,0.0,0,0,0,0,0,0,0,0,0,0
2000,38,0.0,0.0,0,0,0,0,0,0,0,0,0,0
2000,39,0.0,0.0,0,0,0,0,0,0,0,0,0,0
2000,40,,1.22865,206,322,443,70,1041,337,84727,1387,1,0
2000,41,,1.05545,270,389,489,86,1234,451,116917,1490,0,4
2000,42,,1.15984,390,458,617,96,1561,487,134587,1691,2,2
2000,43,,1.22688,411,564,683,123,1781,507,145165,1683,2,12
2000,44,,1.24107,465,564,703,138,1870,526,150676,1964,3,13
2000,45,,1.4316,564,635,849,181,2229,545,155700,1862,7,30
2000,46,,1.49427,572,736,979,162,2449,571,163893,2183,13,30
2000,47,,1.84268,704,646,913,154,2417,569,131168,2201,24,53
2000,48,,1.59762,673,900,1085,196,2854,581,178641,2505,36,62
2000,49,,1.73473,710,916,1232,239,3097,595,178529,2841,41,120
2000,50,,2.04538,677,1077,1455,185,3394,600,165935,3275,55,171
2000,51,,2.41051,767,1052,1337,205,3361,585,139431,3370,103,291
2000,52,,3.38334,1059,1496,1335,262,4152,587,122719,3310,132,327
2001,1,,3.2288,1049,1855,1571,321,4796,591,148538,3821,167,344
2001,2,,3.11951,1081,1722,2423,318,5544,611,177720,4563,275,537
2001,3,,3.80424,1395,1806,3223,293,6717,617,176566,5121,373,759
2001,4,,4.18681,1542,1991,4057,318,7908,626,188879,5729,489,841
2001,5,,3.9865,1329,1958,3705,295,7287,578,182792,5914,524,714
2001,6,,3.60607,1370,1731,3017,358,6476,566,179586,5619,587,480
2001,7,,2.81015,1059,1393,2126,254,4832,566,171948,4920,470,289
2001,8,,2.41561,834,1278,1566,245,3923,540,162402,4571,437,200
2001,9,,1.73272,683,752,1008,163,2606,511,150399,4321,377,118
2001,10,,1.64319,622,854,934,152,2562,510,155916,3793,197,76
2001,11,,1.35803,524,522,762,135,1943,472,143075,3368,152,47
2001,12,,1.39027,485,507,751,136,1879,460,135154,3132,153,28
2001,13,,1.2237,465,419,575,131,1590,442,129934,2788,96,26
2001,14,,1.11908,288,421,421,126,1256,371,112235,2386,68,10
2001,15,,0.938967,219,305,344,82,950,349,101175,2020,37,8
2001,16,,0.944308,234,344,331,88,997,342,105580,1825,44,3
2001,17,,0.742603,198,253,274,46,771,334,103824,1640,21,0
2001,18,,0.735456,173,225,265,71,734,322,99802,1528,8,1
2001,19,,0.725155,165,196,250,60,671,293,92532,1359,6,1
2001,20,,0.670346,94,159,179,38,470,262,70113,1317,9,0
2001,21,0.0,0.0,0,0,0,0,0,0,0,1125,0,1
2001,22,0.0,0.0,0,0,0,0,0,0,0,977,0,2
2001,23,0.0,0.0,0,0,0,0,0,0,0,523,0,1
2001,24,0.0,0.0,0,0,0,0,0,0,0,38,0,1
2001,25,0.0,0.0,0,0,0,0,0,0,0,50,0,0
2001,26,0.0,0.0,0,0,0,0,0,0,0,52,0,0
2001,27,0.0,0.0,0,0,0,0,0,0,0,23,0,0
2001,28,0.0,0.0,0,0,0,0,0,0,0,37,0,0
2001,29,0.0,0.0,0,0,0,0,0,0,0,22,0,0
2001,30,0.0,0.0,0,0,0,0,0,0,0,26,0,0
2001,31,0.0,0.0,0,0,0,0,0,0,0,24,0,0
2001,32,0.0,0.0,0,0,0,0,0,0,0,24,0,0
2001,33,0.0,0.0,0,0,0,0,0,0,0,43,0,0
2001,34,0.0,0.0,0,0,0,0,0,0,0,34,0,0
2001,35,0.0,0.0,0,0,0,0,0,0,0,16,0,0
2001,36,0.0,0.0,0,0,0,0,0,0,0,19,0,0
2001,37,0.0,0.0,0,0,0,0,0,0,0,9,0,0
2001,38,0.0,0.0,0,0,0,0,0,0,0,7,0,0
2001,39,0.0,0.0,0,0,0,0,0,0,0,0,0,0
2001,40,1.41046,0.997404,429,372,485,82,1368,607,137156,1154,1,7
2001,41,1.77019,1.09692,479,526,628,114,1747,646,159264,1415,0,5
2001,42,1.61904,1.1679,562,560,697,113,1932,690,165425,1468,0,8
2001,43,1.77065,1.26256,567,643,876,118,2204,710,174566,1583,0,17
2001,44,1.93891,1.30014,655,665,883,168,2371,746,182365,1704,0,13
2001,45,1.63439,1.21838,626,687,865,149,2327,758,190992,1843,0,13
2001,46,1.90363,1.33993,693,811,862,142,2508,770,187174,2096,1,45
2001,47,1.80556,1.47679,602,698,643,147,2090,764,141523,2052,3,30
2001,48,1.75506,1.41042,638,877,866,185,2566,728,181932,2401,1,73
2001,49,1.53023,1.26322,602,676,848,149,2275,762,180095,2331,5,78
2001,50,1.46161,1.26864,666,570,780,153,2169,756,170971,2434,2,110
2001,51,1.96048,1.53452,707,684,725,162,2278,696,148450,2915,4,165
2001,52,2.20435,2.12774,719,718,656,172,2265,691,106451,2621,1,219
2002,1,2.1348,1.94142,785,808,752,223,2568,728,132274,3531,2,342
2002,2,1.89441,1.67397,837,869,969,200,2875,742,171747,3900,6,534
2002,3,2.83109,2.06831,1067,948,1533,195,3743,749,180969,4696,5,922
2002,4,3.30481,2.87301,1460,1156,2004,177,4797,728,166968,5816,12,1231
2002,5,3.61063,2.94909,1556,1415,2351,235,5557,729,188431,6466,24,1450
2002,6,3.42799,2.92857,1542,1478,2330,274,5624,728,192039,7191,19,1620
2002,7,3.76715,3.16382,1557,1573,2436,358,5924,712,187242,7572,28,1779
2002,8,3.60018,3.12121,1509,1544,2359,348,5760,708,184544,7358,68,1765
2002,9,3.20024,2.73515,1208,1529,1997,370,5104,707,186608,6217,86,1339
2002,10,2.92633,2.15302,848,1007,1558,218,3631,674,168647,5368,136,1001
2002,11,2.85857,1.92136,731,832,1252,162,2977,652,154942,4337,166,637
2002,12,2.34745,1.62731,567,607,1092,151,2417,617,148527,3763,210,359
2002,13,2.23498,1.46179,547,488,913,131,2079,582,142223,3332,284,174
2002,14,1.99355,1.1937,397,449,692,117,1655,575,138645,2660,235,95
2002,15,1.37168,0.895415,327,292,467,83,1169,551,130554,2329,192,61
2002,16,1.27033,0.817901,247,262,442,67,1018,523,124465,2001,226,36
2002,17,0.999331,0.705896,235,155,389,51,830,504,117581,1820,138,18
2002,18,1.172,0.611215,209,147,269,47,672,475,109945,1643,149,19
2002,19,1.03472,0.630622,169,156,302,46,673,458,106720,1655,140,5
2002,20,0.703599,0.573579,159,142,236,39,576,449,100422,1467,86,2
2002,21,0.0,0.0,0,0,0,0,0,0,0,1302,61,3
2002,22,0.0,0.0,0,0,0,0,0,0,0,995,34,2
2002,23,0.0,0.0,0,0,0,0,0,0,0,948,25,1
2002,24,0.0,0.0,0,0,0,0,0,0,0,850,7,0
2002,25,0.0,0.0,0,0,0,0,0,0,0,692,2,0
2002,26,0.0,0.0,0,0,0,0,0,0,0,700,4,0
2002,27,0.0,0.0,0,0,0,0,0,0,0,490,2,0
2002,28,0.0,0.0,0,0,0,0,0,0,0,591,1,0
2002,29,0.0,0.0,0,0,0,0,0,0,0,578,0,0
2002,30,0.0,0.0,0,0,0,0,0,0,0,601,1,1
2002,31,0.0,0.0,0,0,0,0,0,0,0,530,0,0
2002,32,0.0,0.0,0,0,0,0,0,0,0,566,0,0
2002,33,0.0,0.0,0,0,0,0,0,0,0,516,0,0
2002,34,0.0,0.0,0,0,0,0,0,0,0,533,0,0
2002,35,0.0,0.0,0,0,0,0,0,0,0,588,1,0
2002,36,0.0,0.0,0,0,0,0,0,0,0,482,0,0
2002,37,0.0,0.0,0,0,0,0,0,0,0,561,0,0
2002,38,0.0,0.0,0,0,0,0,0,0,0,475,1,2
2002,39,0.0,0.0,0,0,0,0,0,0,0,391,2,0
2002,40,1.22262,1.16668,582,524,805,149,2060,754,176569,1443,0,0
2002,41,1.33344,1.2165,683,585,872,127,2267,785,186355,1517,1,2
2002,42,1.31929,1.13057,642,543,878,113,2176,831,192469,1590,0,0
2002,43,1.49484,1.25246,728,672,1045,154,2599,863,207512,1774,1,5
2002,44,1.47195,1.30237,823,741,1189,154,2907,909,223208,1636,3,3
2002,45,1.58094,1.40551,887,886,1272,180,3225,930,229454,1988,3,2
2002,46,1.49426,1.38437,851,898,1173,175,3097,923,223712,2107,4,6
2002,47,1.40569,1.32563,802,817,1166,182,2967,922,223818,2091,16,6
2002,48,1.6141,1.43475,834,711,978,186,2709,918,188814,1900,6,9
2002,49,1.45967,1.25433,857,869,1117,206,3049,937,243078,2414,28,12
2002,50,1.59896,1.25757,804,792,1179,182,2957,928,235136,2493,73,24
2002,51,2.16697,1.58017,951,849,1404,212,3416,908,216179,2910,146,45
2002,52,2.57842,1.98008,915,828,937,177,2857,865,144287,2368,119,41
2003,1,2.38636,1.90428,1028,962,1019,251,3260,879,171193,2632,82,66
2003,2,1.73621,1.5901,1068,1091,1296,274,3729,926,234513,2828,134,115
2003,3,2.06296,1.81559,1154,1011,1798,241,4204,902,231550,3108,202,155
2003,4,2.58113,2.41801,1373,1104,2998,221,5696,927,235566,3352,276,271
2003,5,2.93909,2.86635,1411,1322,4064,282,7079,884,246969,4166,413,441
2003,6,3.22539,3.16662,1606,1421,4447,308,7782,889,245751,4874,598,687
2003,7,3.06982,3.0155,1568,1566,4224,291,7649,903,253656,4676,517,667
2003,8,3.20044,2.9978,1694,1537,3689,308,7228,871,241110,4416,368,628
2003,9,2.44888,2.31957,1336,1400,2583,287,5606,857,241683,4348,357,609
2003,10,2.1344,1.94707,1015,1085,2103,247,4450,839,228549,3633,214,465
2003,11,1.99866,1.72985,880,987,1669,274,3810,835,220250,3422,175,411
2003,12,1.93849,1.51837,737,773,1321,156,2987,795,196724,3435,124,379
2003,13,1.41293,1.22616,624,640,1016,159,2439,775,198913,2820,71,210
2003,14,1.23472,1.05433,506,541,846,135,2028,741,192349,2352,41,160
2003,15,1.20005,1.07108,569,551,799,163,2082,735,194383,2131,16,94
2003,16,0.910135,0.82612,440,382,539,106,1467,669,177577,1777,23,66
2003,17,0.932265,0.820505,429,394,508,114,1445,682,176111,1406,11,47
2003,18,0.692175,0.630846,275,272,444,84,1075,655,170406,1222,20,48
2003,19,0.669406,0.63935,215,245,471,74,1005,613,157191,1121,10,18
2003,20,0.727705,0.586609,248,235,283,70,836,547,142514,931,6,13
2003,21,0.717701,0.773024,264,169,262,45,740,406,95728,872,7,9
2003,22,0.789394,0.790743,213,179,205,44,641,393,81063,705,4,2
2003,23,0.722129,0.711847,201,133,195,34,563,344,79090,721,8,5
2003,24,0.591326,0.794637,198,180,187,55,620,341,78023,683,4,3
2003,25,0.52307,0.586604,139,127,123,34,423,322,72110,551,2,2
2003,26,0.450236,0.615982,122,163,124,32,441,322,71593,439,0,2
2003,27,0.397421,0.491507,109,94,91,24,318,310,64699,643,0,1
2003,28,0.448002,0.604341,137,120,141,43,441,308,72972,632,0,3
2003,29,0.474767,0.524478,98,116,98,53,365,301,69593,697,0,4
2003,30,0.453251,0.590692,112,121,139,48,420,302,71103,636,0,4
2003,31,0.352158,0.505135,100,102,120,39,361,290,71466,632,1,7
2003,32,0.525322,0.634271,136,136,125,46,443,295,69844,632,0,2
2003,33,0.492991,0.610118,120,133,131,37,421,283,69003,761,0,3
2003,34,0.542728,0.641227,159,120,144,27,450,277,70178,649,0,0
2003,35,0.490347,0.661429,166,112,155,30,463,276,70000,672,0,0
2003,36,0.735914,0.792681,177,124,182,36,519,271,65474,512,0,2
2003,37,0.581771,0.639059,145,122,184,24,475,267,74328,604,0,1
2003,38,0.654162,0.636732,136,116,183,26,461,264,72401,535,0,2
2003,39,0.749504,0.747829,135,143,221,34,533,268,71273,414,0,0
2003,40,0.884021,0.960873,808,607,881,146,2442,830,254144,1430,1,21
2003,41,1.02773,1.04325,913,696,1132,191,2932,931,281045,1682,0,77
2003,42,1.28296,1.0545,878,811,1147,195,3031,974,287436,2176,1,252
2003,43,1.32661,1.11231,1006,884,1369,216,3475,1007,312412,2568,4,454
2003,44,1.77304,1.41274,1207,1127,2080,276,4690,1074,331980,2753,0,535
2003,45,2.43814,1.72703,1542,1249,2735,264,5790,1111,335258,3553,3,859
2003,46,2.72605,2.407,2185,1757,4133,310,8385,1141,348359,4595,2,1289
2003,47,3.73192,3.10962,2561,2425,5684,471,11141,1129,358275,5942,8,1960
2003,48,4.54894,4.30779,3247,2890,4933,672,11742,1118,272576,6479,10,2241
2003,49,5.39906,4.8303,4734,5330,7817,1067,18948,1189,392274,9598,32,3237
2003,50,7.38735,6.42905,6620,5573,11550,1219,24962,1173,388269,12422,29,4061
2003,51,7.48097,6.86734,6434,5906,9851,1508,23699,1148,345097,11783,20,3609
2003,52,7.62797,7.06496,5336,4517,5231,1331,16415,1122,232344,9748,16,2395
2003,53,5.14051,4.55115,3391,3827,2894,1220,11332,1139,248992,8461,12,1689
2004,1,2.89129,2.41833,1930,2605,2299,768,7602,1160,314349,6936,9,853
2004,2,2.10429,1.80906,1679,1586,1857,461,5583,1141,308614,5411,5,500
2004,3,1.88696,1.71202,1721,1276,1604,360,4961,1084,289774,4329,3,257
2004,4,1.7766,1.5425,1487,1067,1543,339,4436,1071,287586,4166,3,163
2004,5,1.46001,1.43787,1454,1047,1448,302,4251,1054,295646,3661,2,105
2004,6,1.37787,1.32427,1420,889,1297,218,3824,986,288762,3530,5,60
2004,7,1.30532,1.30726,1301,876,1255,259,3691,1004,282347,3136,8,48
2004,8,1.08691,1.03698,956,719,1038,203,2916,948,281202,2559,12,26
2004,9,0.991888,1.01032,925,682,910,227,2744,894,271597,2651,8,10
2004,10,1.02765,1.05249,878,764,888,178,2708,897,257294,2369,6,8
2004,11,1.0579,1.02009,730,756,826,175,2487,849,243802,2239,2,11
2004,12,0.849361,0.924419,760,628,733,179,2300,859,248805,1801,15,9
2004,13,0.747127,0.790645,610,495,611,142,1858,828,234998,1850,9,8
2004,14,0.661708,0.80261,583,440,566,116,1705,774,212432,1778,8,1
2004,15,0.679514,0.83613,545,500,573,131,1749,755,209178,1564,12,3
2004,16,0.633071,0.792436,501,461,511,142,1615,679,203802,1449,11,13
2004,17,0.569894,0.683588,470,349,404,108,1331,658,194708,1377,7,4
2004,18,0.591357,0.757452,435,383,491,85,1394,629,184038,1298,6,3
2004,19,0.589044,0.788585,449,361,443,74,1327,599,168276,1241,2,0
2004,20,0.67864,0.812171,451,337,380,94,1262,553,155386,1105,3,1
2004,21,0.637558,0.804463,375,280,349,66,1070,463,133008,1055,3,3
2004,22,0.813309,0.877701,391,289,308,73,1061,452,120884,823,4,2
2004,23,0.834551,0.741453,355,257,309,66,987,443,133117,793,2,1
2004,24,0.616174,0.661022,307,258,240,46,851,426,128740,844,2,0
2004,25,0.513286,0.715109,277,245,284,81,887,423,124037,741,1,2
2004,26,0.351881,0.562241,238,215,183,62,698,408,124146,730,2,1
2004,27,0.542621,0.786808,233,210,205,62,710,381,90238,573,1,0
2004,28,0.581036,0.860658,249,227,280,80,836,378,97135,746,2,0
2004,29,0.495486,0.689944,259,162,200,38,659,370,95515,563,2,0
2004,30,0.61209,0.779691,260,189,230,40,719,363,92216,671,0,0
2004,31,0.531491,0.628144,213,225,235,60,733,345,116693,628,1,1
2004,32,0.519987,0.902459,243,247,256,63,809,334,89644,620,0,1
2004,33,0.574476,0.806443,256,200,256,58,770,335,95481,647,1,0
2004,34,0.663175,0.874888,259,231,265,44,799,333,91326,823,1,3
2004,35,0.614691,0.993213,279,252,358,71,960,326,96656,827,0,4
2004,36,0.656823,0.876141,281,263,309,60,913,337,104207,822,3,0
2004,37,0.723016,0.948092,342,299,413,68,1122,341,118343,907,2,5
2004,38,0.691857,0.926943,322,268,416,83,1089,336,117483,890,1,3
2004,39,0.782758,0.971643,333,319,382,82,1116,364,114857,919,2,12
2004,40,0.982275,0.897159,877,853,1256,185,3171,1176,353449,1860,4,8
2004,41,1.01821,1.02248,1071,971,1373,216,3631,1187,355116,2154,1,13
2004,42,1.1768,1.06296,1240,1019,1534,226,4019,1267,378094,2412,11,28
2004,43,1.30121,1.14696,1190,1223,1671,285,4369,1293,380921,2620,7,25
2004,44,1.27746,1.20495,1327,1215,1718,291,4551,1302,377692,2771,16,29
2004,45,1.40387,1.30517,1497,1279,1874,319,4969,1344,380718,3074,24,38
2004,46,1.40301,1.28699,1531,1279,1874,299,4983,1336,387182,3310,21,71
2004,47,1.73975,1.59468,1490,1274,1678,271,4713,1341,295546,3111,21,40
2004,48,1.56894,1.39714,1538,1434,2059,376,5407,1369,387004,3826,32,105
2004,49,1.65927,1.44996,1551,1450,2052,375,5428,1346,374356,3846,32,161
2004,50,1.81341,1.61745,1670,1643,2071,371,5755,1379,355806,4359,45,241
2004,51,2.37626,2.19112,1856,1608,1807,418,5689,1288,259639,4509,54,477
2004,52,2.77052,2.56649,2252,2413,1993,621,7279,1332,283617,5807,123,850
2005,1,2.40064,2.17645,2010,2869,2450,712,8041,1383,369455,6921,166,1119
2005,2,2.54155,2.20171,2188,2542,2982,611,8323,1342,378024,6646,182,944
2005,3,2.85871,2.53012,2199,2839,3682,608,9328,1348,368678,6948,212,1271
2005,4,3.55011,3.06524,2747,3586,5364,725,12422,1334,405254,8010,306,1560
2005,5,4.58591,3.98061,3086,4498,7650,958,16192,1303,406772,8654,424,1901
2005,6,5.05809,4.59568,3626,5757,8854,1132,19369,1324,421461,9684,478,2093
2005,7,5.44151,4.75197,3834,6515,8400,1182,19931,1330,419426,10586,613,2092
2005,8,4.4729,4.17962,3720,5125,6759,1026,16630,1280,397883,9710,618,1660
2005,9,3.6752,3.45359,2997,4058,5343,836,13234,1268,383196,8511,520,1178
2005,10,3.3353,3.15852,2728,3634,4494,745,11601,1227,367292,7580,418,798
2005,11,2.76224,2.6732,2416,2969,3513,604,9502,1185,355454,6540,471,637
2005,12,2.46844,2.35161,2145,2434,2771,550,7900,1148,335940,5928,463,406
2005,13,2.00081,1.89243,1827,1979,2133,390,6329,1103,334438,5134,343,224
2005,14,1.54319,1.5249,1422,1327,1737,330,4816,1048,315823,3894,212,143
2005,15,1.50195,1.41134,1356,1169,1603,317,4445,1000,314948,3339,123,53
2005,16,1.22918,1.25068,1096,954,1469,306,3825,978,305833,2933,75,48
2005,17,1.21854,1.20702,1117,894,1411,224,3646,971,302065,2570,42,27
2005,18,1.15832,1.07895,903,762,1136,189,2990,923,277120,2250,33,18
2005,19,1.249,1.14521,979,710,1115,208,3012,878,263009,2136,19,18
2005,20,1.16888,1.06124,805,600,926,200,2531,825,238494,1889,16,23
2005,21,1.07888,1.0568,687,518,695,156,2056,687,194550,1809,19,12
2005,22,1.23059,1.25193,693,568,678,160,2099,637,167661,1682,15,8
2005,23,1.14747,1.01419,548,462,594,140,1744,603,171960,1576,8,4
2005,24,1.00254,1.04197,573,409,507,125,1614,582,154899,1514,10,5
2005,25,0.957569,0.954027,580,431,507,110,1628,587,170645,1229,5,6
2005,26,0.894837,0.84823,497,326,452,84,1359,550,160216,1215,1,6
2005,27,0.798205,0.841872,426,313,390,69,1198,533,142302,1073,4,1
2005,28,0.757812,0.730894,389,323,361,75,1148,524,157068,991,2,0
2005,29,0.825963,0.713432,333,303,364,68,1068,507,149699,983,2,1
2005,30,0.744927,0.670677,328,279,327,56,990,492,147612,1124,1,1
2005,31,0.787049,0.689278,331,267,326,58,982,488,142468,1018,0,0
2005,32,0.684724,0.704929,319,297,350,57,1023,479,145121,964,0,4
2005,33,0.747361,0.615903,330,225,326,47,928,480,150673,989,0,6
2005,34,0.673974,0.609426,292,265,311,54,922,428,151290,1016,0,4
2005,35,0.869662,0.680259,342,273,367,51,1033,420,151854,1054,1,5
2005,36,0.899529,0.775488,338,264,396,63,1061,416,136817,1031,0,1
2005,37,0.854635,0.683421,302,289,383,52,1026,408,150127,1099,1,4
2005,38,1.01123,0.781075,368,285,516,50,1219,419,156067,1280,0,2
2005,39,0.977808,0.806943,381,276,484,63,1204,447,149205,1421,1,6
2005,40,1.17778,1.07635,1172,924,1256,234,3586,1113,333164,1894,1,10
2005,41,1.21947,1.05869,1285,853,1247,197,3582,1160,338343,2191,2,10
2005,42,1.3069,1.11523,1393,992,1525,212,4122,1216,369609,2349,5,20
2005,43,1.33931,1.12381,1439,997,1599,213,4248,1237,377999,2780,2,12
2005,44,1.58374,1.25489,1639,1190,1894,282,5005,1280,398840,2890,3,20
2005,45,1.47072,1.33661,1563,1251,1929,295,5038,1272,376924,3320,7,36
2005,46,1.6112,1.37864,1679,1331,1951,315,5276,1277,382697,3861,4,43
2005,47,1.82699,1.60829,1666,1249,1593,294,4802,1301,298578,3268,3,49
2005,48,1.77482,1.48311,1858,1583,2176,349,5966,1325,402264,4056,2,114
2005,49,1.94451,1.65374,1987,1534,2463,387,6371,1328,385248,3863,8,206
2005,50,2.35512,2.00679,2241,1997,3063,396,7697,1318,383548,4618,5,394
2005,51,3.10878,2.56857,2696,2293,3058,530,8577,1287,333921,5418,11,680
2005,52,3.28238,3.05278,2678,2882,2561,721,8842,1273,289638,5829,23,763
2006,1,2.62914,2.42504,2422,2817,2366,734,8339,1319,343871,6417,24,728
2006,2,2.2515,2.00195,2272,2155,2921,534,7882,1339,393716,6378,22,821
2006,3,2.35858,2.05869,2249,1999,3150,460,7858,1297,381699,6255,29,854
2006,4,2.41881,2.21277,2643,2281,3646,544,9114,1331,411882,6732,33,1026
2006,5,2.52752,2.3222,2612,2288,4153,498,9551,1320,411291,7029,74,1099
2006,6,2.64954,2.49279,2754,2543,4593,537,10427,1311,418286,7226,142,1155
2006,7,3.12935,2.79489,2624,2992,4979,631,11226,1288,401661,8105,184,1402
2006,8,3.12442,2.96911,2753,3073,5284,791,11901,1288,400827,7948,242,1383
2006,9,3.13099,2.83959,2579,2989,5008,767,11343,1275,399459,7978,396,1406
2006,10,3.08261,2.77799,2564,2913,5106,678,11261,1257,405365,7819,408,1346
2006,11,2.64431,2.47287,2330,2231,4154,607,9322,1241,376971,6995,441,940
2006,12,2.42295,2.18061,1895,1919,3709,541,8064,1217,369804,6444,432,758
2006,13,2.31141,2.0168,1697,1745,3393,478,7313,1165,362605,5424,438,537
2006,14,1.86383,1.64101,1437,1299,2660,342,5738,1133,349662,4459,312,293
2006,15,1.44943,1.35829,1181,1067,2014,285,4547,1087,334760,4032,241,217
2006,16,1.30227,1.1428,959,873,1479,239,3550,1045,310641,3499,218,128
2006,17,1.13459,1.04031,836,779,1382,180,3177,1017,305389,2675,135,65
2006,18,1.06255,0.964347,745,637,1208,190,2780,958,288278,2516,128,67
2006,19,1.03428,0.937982,745,621,1039,187,2592,919,276338,2453,116,61
2006,20,1.01791,0.947449,715,582,969,162,2428,877,256267,2399,87,48
2006,21,0.918151,0.891918,699,452,764,146,2061,783,231075,2058,93,37
2006,22,0.93099,0.864643,572,404,561,108,1645,649,190252,1663,50,28
2006,23,0.857294,0.97032,754,564,626,131,2075,635,213847,1444,38,17
2006,24,0.786294,0.84439,514,388,447,81,1430,615,169353,1267,11,14
2006,25,0.719426,0.77487,463,328,409,100,1300,610,167770,1178,10,4
2006,26,0.718868,0.821372,466,323,390,92,1271,572,154741,1017,6,6
2006,27,0.774807,0.872745,437,305,402,71,1215,565,139216,907,2,6
2006,28,0.76598,0.922635,549,449,511,108,1617,577,175259,914,0,7
2006,29,0.642809,0.899487,541,460,440,112,1553,564,172654,917,2,9
2006,30,0.622033,0.843082,502,422,403,128,1455,564,172581,863,2,15
2006,31,0.616326,0.881824,508,402,430,88,1428,551,161937,943,1,19
2006,32,0.685694,0.817145,473,383,435,82,1373,547,168024,899,2,10
2006,33,0.622697,0.8715,510,390,466,91,1457,536,167183,862,2,10
2006,34,0.611817,0.738621,404,279,379,76,1138,503,154071,898,3,12
2006,35,0.638831,0.797966,398,292,457,77,1224,488,153390,907,4,13
2006,36,0.806627,1.01394,492,396,506,69,1463,491,144289,881,0,13
2006,37,0.762448,0.880936,446,361,521,78,1406,487,159603,1067,1,30
2006,38,0.813406,0.943366,511,362,534,80,1487,455,157627,996,2,33
2006,39,0.807934,0.891546,476,364,512,81,1433,469,160732,971,3,26
2006,40,1.15384,1.20322,1434,1116,1699,264,4513,1323,375076,2309,15,41
2006,41,1.14819,1.05788,1278,992,1602,200,4072,1361,384920,2502,9,58
2006,42,1.22736,1.13054,1543,1099,1830,265,4737,1425,419005,2900,22,58
2006,43,1.21744,1.12552,1582,1086,1996,224,4888,1445,434287,3237,23,61
2006,44,1.32813,1.20808,1672,1157,2270,281,5380,1473,445334,3765,42,101
2006,45,1.47754,1.34952,2112,1320,2393,314,6139,1497,454901,4262,43,112
2006,46,1.5339,1.4689,2355,1342,2681,290,6668,1474,453945,4525,32,101
2006,47,1.91269,1.82767,2188,1409,2202,357,6156,1488,336822,4538,28,133
2006,48,1.838,1.6656,2573,1774,2792,391,7530,1486,452089,5642,54,155
2006,49,1.95376,1.85968,2643,1804,3244,431,8122,1493,436741,5805,62,202
2006,50,2.40407,2.38891,3270,2177,4470,479,10396,1492,435177,6686,120,421
2006,51,2.87453,2.78978,3387,2237,4065,503,10192,1435,365334,7083,133,596
2006,52,3.02597,3.11549,3243,2216,2868,586,8913,1359,286087,6777,123,581
2007,1,2.37817,2.26942,2927,2394,2481,584,8386,1490,369521,6711,86,382
2007,2,2.09232,1.86355,2507,2018,2756,480,7761,1467,416464,6430,86,508
2007,3,2.29396,1.99986,2548,1701,3248,412,7909,1470,395477,6200,80,638
2007,4,2.74501,2.4406,3410,2257,4684,537,10888,1495,446119,7200,154,1156
2007,5,3.04434,2.83018,3456,2559,5648,457,12120,1472,428241,8261,203,1646
2007,6,3.49999,3.12343,3840,2910,6995,452,14197,1484,454533,8986,411,2121
2007,7,3.57851,3.27019,3879,2955,6668,529,14031,1461,429057,9780,416,2107
2007,8,3.28979,3.17757,3728,3175,6537,608,14048,1460,442099,9947,526,1841
2007,9,2.89149,2.72364,3016,2778,5429,578,11801,1428,433281,8634,550,1399
2007,10,2.62075,2.50201,2798,2533,4937,447,10715,1408,428255,7848,470,1119
2007,11,2.53387,2.4272,2668,2426,4031,472,9597,1361,395394,6928,430,923
2007,12,2.07251,1.96041,2049,1857,3307,349,7562,1333,385735,6460,369,721
2007,13,1.87084,1.5914,1664,1625,2508,351,6148,1303,386327,5558,211,554
2007,14,1.40042,1.36978,1445,1379,1803,331,4958,1284,361955,4698,156,362
2007,15,1.46887,1.36317,1429,1274,1821,345,4869,1240,357183,4243,140,375
2007,16,1.15514,1.1737,1257,1112,1523,287,4179,1206,356055,3857,81,292
2007,17,1.07901,1.06358,1152,937,1386,220,3695,1152,347413,3015,68,226
2007,18,0.98492,0.969711,969,755,1143,210,3077,1119,317311,3006,56,147
2007,19,1.03325,0.965362,917,713,1055,175,2860,1057,296262,2531,38,88
2007,20,0.926649,0.856749,815,590,861,176,2442,1025,285031,2341,27,65
2007,21,0.9201,0.863346,761,561,785,136,2243,925,259803,1944,14,70
2007,22,0.954094,0.93537,722,554,652,130,2058,831,220020,1696,9,21
2007,23,0.763278,0.745569,628,422,510,119,1679,796,225197,1670,4,16
2007,24,0.81722,0.740428,598,413,469,134,1614,771,217982,1529,7,19
2007,25,0.764586,0.672897,521,394,441,100,1456,749,216378,1300,2,6
2007,26,0.793127,0.666282,514,431,408,102,1455,742,218376,1278,4,11
2007,27,0.66909,0.662747,394,313,360,102,1169,711,176387,1121,5,13
2007,28,0.62115,0.545619,366,296,372,52,1086,697,199040,1195,2,21
2007,29,0.603659,0.586231,446,335,345,85,1211,698,206574,1154,1,15
2007,30,0.649058,0.660687,477,391,392,96,1356,691,205241,1165,2,35
2007,31,0.568338,0.534093,321,344,311,61,1037,677,194161,1217,2,22
2007,32,0.651546,0.585549,389,320,385,78,1172,667,200154,1157,4,30
2007,33,0.652176,0.618075,439,338,411,95,1283,666,207580,1120,0,19
2007,34,0.803849,0.687465,495,408,457,88,1448,671,210629,1170,1,22
2007,35,0.787458,0.715696,502,416,500,108,1526,652,213219,1204,7,23
2007,36,0.943263,0.829313,519,417,545,73,1554,641,187384,1093,0,24
2007,37,0.946932,0.800912,496,417,682,99,1694,638,211509,1228,7,23
2007,38,0.987146,0.918484,609,502,681,121,1913,632,208278,954,3,27
2007,39,1.05206,0.814259,729,583,788,128,2228,703,273623,1052,0,20
2007,40,0.995184,1.07197,2187,1167,1997,290,5641,1373,526227,2382,5,39
2007,41,1.22003,1.21786,2387,1321,2433,303,6444,1429,529126,2534,0,44
2007,42,1.28548,1.24576,2583,1455,2551,352,6941,1449,557172,2953,2,46
2007,43,1.3775,1.35984,2871,1400,2788,375,7434,1477,546680,3179,5,45
2007,44,1.46725,1.44671,3074,1475,2998,368,7915,1485,547104,3575,11,63
2007,45,1.55841,1.53286,3398,1609,3303,377,8687,1539,566717,3797,11,74
2007,46,1.61958,1.66653,3563,1780,3290,471,9104,1516,546284,4131,2,85
2007,47,1.8112,1.97488,3651,1812,2631,476,8570,1523,433951,4040,13,127
2007,48,1.61865,1.67305,3679,1921,3158,413,9171,1513,548159,4855,14,147
2007,49,1.62124,1.63405,3365,1772,2907,392,8436,1487,516263,4909,22,158
2007,50,1.67351,1.74595,3298,1697,2694,402,8091,1453,463416,5157,26,189
2007,51,1.95096,1.93643,3580,1987,2724,459,8750,1420,451862,5877,51,263
2007,52,2.50019,2.48905,3848,2184,2348,522,8902,1426,357646,6269,86,362
2008,1,2.43939,2.25405,3737,2731,2568,670,9706,1486,430603,6829,107,477
2008,2,2.29319,2.09147,3393,3262,3644,816,11115,1509,531444,7383,163,840
2008,3,2.62907,2.35934,3664,3038,4900,595,12197,1511,516966,7814,209,1104
2008,4,3.92966,3.32331,4289,4499,7661,722,17171,1508,516683,9474,342,1810
2008,5,4.99202,4.43381,5222,6595,11974,1021,24812,1514,559609,13459,660,3171
2008,6,5.7776,5.34547,6059,9212,15323,1302,31896,1526,596692,15342,930,3941
2008,7,5.98318,5.42258,6244,9487,14336,1558,31625,1518,583210,15171,1085,3742
2008,8,5.61677,5.30303,5922,9812,12783,1728,30245,1497,570334,17359,1383,3894
2008,9,4.53234,4.24456,4978,8583,9958,1508,25027,1453,589626,16097,1412,3039
2008,10,3.83249,3.628,4420,6781,7849,1204,20254,1445,558269,15181,1387,2208
2008,11,3.21522,3.03463,3878,5676,6112,1048,16714,1412,550776,11648,1095,1469
2008,12,2.69245,2.53595,3153,4520,4493,874,13040,1395,514205,9498,903,1034
2008,13,2.03366,2.0573,2689,3496,3395,796,10376,1379,504350,7800,777,610
2008,14,1.65275,1.7415,2372,2872,2697,642,8583,1327,492850,6183,511,388
2008,15,1.3113,1.40652,2045,2160,2354,486,7045,1318,500881,5285,416,206
2008,16,1.1652,1.26861,1857,1802,2013,407,6079,1288,479187,4103,234,115
2008,17,1.02035,1.07719,1572,1345,1713,323,4953,1208,459808,3556,131,60
2008,18,0.877607,0.993445,1466,1107,1416,235,4224,1147,425187,2724,79,47
2008,19,0.825107,0.911212,1356,1066,1381,208,4011,1098,440183,2539,43,22
2008,20,0.787315,0.972109,1439,980,1274,211,3904,1074,401601,2414,20,18
2008,21,0.805439,0.993258,1393,926,1116,211,3646,945,367075,2115,15,14
2008,22,0.886061,1.09132,1473,1004,1083,243,3803,869,348477,1927,10,9
2008,23,0.743743,0.888446,1159,729,906,139,2933,789,330127,1850,5,12
2008,24,0.706842,0.887691,1113,720,886,187,2906,764,327366,1502,7,5
2008,25,0.655943,0.883187,1115,712,855,160,2842,755,321789,1467,2,5
2008,26,0.633492,0.826756,937,654,810,133,2534,730,306499,1325,6,0
2008,27,0.571837,0.783201,913,575,762,155,2405,713,307073,1203,3,1
2008,28,0.558278,0.78061,881,669,749,132,2431,710,311423,1269,4,2
2008,29,0.597893,0.769073,826,619,703,171,2319,696,301532,1203,2,2
2008,30,0.577222,0.721298,779,552,704,131,2166,694,300292,1163,0,10
2008,31,0.596987,0.752527,788,599,763,139,2289,676,304175,1125,4,3
2008,32,0.564653,0.752721,679,619,706,216,2220,668,294930,1102,1,6
2008,33,0.585682,0.792766,789,650,745,184,2368,657,298701,1053,1,0
2008,34,0.503985,0.743896,730,619,754,134,2237,657,300714,1090,3,3
2008,35,0.468139,0.814166,794,616,892,127,2429,636,298342,1271,3,2
2008,36,0.576455,0.838401,774,663,880,144,2461,666,293535,1336,0,6
2008,37,0.681361,0.851124,859,758,994,177,2788,685,327567,1562,2,9
2008,38,0.794764,1.10976,1062,958,1527,188,3735,679,336560,1886,3,17
2008,39,0.868116,1.03114,983,932,1306,179,3400,716,329731,2009,2,10
2008,40,1.06828,1.02284,1535,1476,2352,324,5687,1435,555999,2759,6,11
2008,41,1.00756,1.03017,1861,1485,2291,322,5959,1500,578446,2874,6,17
2008,42,0.979399,1.01245,1869,1467,2219,341,5896,1525,582351,2937,6,31
2008,43,1.04943,1.08359,1976,1668,2474,367,6485,1527,598473,3434,15,46
2008,44,1.13218,1.16578,2119,1869,2547,452,6987,1545,599343,3545,6,37
2008,45,1.13156,1.1913,2276,1981,2668,372,7297,1555,612526,4154,12,59
2008,46,1.15469,1.28075,2512,1889,2854,412,7667,1555,598635,4418,12,50
2008,47,1.20448,1.27053,2600,1893,2828,412,7733,1563,608646,4739,26,58
2008,48,1.36081,1.59578,3024,1741,2412,457,7634,1523,478386,4836,20,89
2008,49,1.30322,1.4585,3114,2212,2913,469,8708,1551,597052,5598,18,109
2008,50,1.30204,1.49921,3252,1974,3024,439,8689,1543,579573,5989,42,147
2008,51,1.45109,1.62982,3137,1640,2579,456,7812,1416,479318,6301,60,213
2008,52,1.79927,2.15561,3897,1947,2367,495,8706,1484,403876,6031,45,240
2008,53,2.12134,2.02053,3814,2163,2042,584,8603,1490,425780,6592,50,315
2009,1,1.47138,1.54566,3245,2606,2548,557,8956,1539,579428,6981,79,510
2009,2,1.61555,1.64224,3142,2329,3345,473,9289,1512,565631,6995,103,657
2009,3,1.95333,1.96524,3602,2821,4597,436,11456,1566,582932,7943,190,1085
2009,4,2.42907,2.34368,4039,3215,6602,468,14324,1554,611176,9484,381,1588
2009,5,2.96686,2.86057,4606,4240,8882,540,18268,1580,638613,11707,687,2115
2009,6,3.57354,3.3421,5064,4636,11215,752,21667,1569,648304,12691,947,2260
2009,7,3.36653,3.20566,4848,4685,9851,638,20022,1543,624583,11741,931,1982
2009,8,3.2962,3.10049,4694,5007,10092,657,20450,1544,659573,11912,1152,1771
2009,9,3.17227,2.95819,4420,4272,9116,633,18441,1534,623389,10970,1168,1503
2009,10,2.5804,2.46381,4046,3601,7446,618,15711,1524,637672,9595,1062,1085
2009,11,2.42922,2.19272,3657,3002,6036,582,13277,1494,605503,8628,919,854
2009,12,1.99028,1.87395,3237,2661,5052,450,11400,1470,608342,7343,631,598
2009,13,1.72423,1.64817,2829,2158,4283,399,9669,1440,586651,5778,472,327
2009,14,1.60355,1.49878,2577,2085,3407,391,8460,1422,564460,5095,276,267
2009,15,1.28418,1.29233,2371,1727,2761,363,7222,1415,558837,4674,185,151
2009,16,1.2932,1.27164,2353,1743,2855,397,7348,1445,577836,4219,113,211
2009,17,2.74012,2.98159,4821,5093,8043,670,18627,1405,624734,36203,800,3712
2009,18,2.22391,2.43702,3920,3875,6221,562,14578,1422,598189,34659,486,4721
2009,19,1.76657,2.2813,3236,3018,5888,412,12554,1372,550300,16820,134,2908
2009,20,1.92171,3.81572,4188,4136,12026,424,20774,1331,544432,15410,93,4035
2009,21,1.8611,4.21315,4496,4950,12461,487,22394,1314,531526,13483,42,4473
2009,22,1.68423,3.17832,3865,4213,8615,412,17105,1305,538177,13553,24,5327
2009,23,1.7393,2.50972,3072,3276,5660,384,12392,1296,493761,13762,15,5712
2009,24,1.83001,2.06632,2623,3084,4740,333,10780,1280,521701,14264,9,6131
2009,25,1.58128,1.71805,2299,2476,3700,326,8801,1279,512268,12117,6,4378
2009,26,1.49172,1.55965,2145,2023,2893,361,7422,1237,475877,10913,7,3461
2009,27,1.389,1.30856,1701,1815,2481,293,6290,1246,480680,10713,7,3425
2009,28,1.34702,1.18695,1581,1708,2437,238,5964,1248,502466,9808,3,2698
2009,29,1.16056,1.13796,1608,1611,2285,231,5735,1248,503971,8646,3,2341
2009,30,1.2085,1.15005,1519,1575,2199,294,5587,1254,485804,9184,4,2527
2009,31,1.15544,1.11262,1651,1530,2082,263,5526,1230,496666,8424,2,1992
2009,32,1.14518,1.16142,1645,1646,2321,265,5877,1234,506019,8572,5,1928
2009,33,1.4664,1.64107,2167,2168,4210,396,8941,1286,544827,10003,1,2436
2009,34,2.38017,2.47166,2883,2977,8253,443,14556,1320,588916,11636,15,2548
2009,35,3.44681,3.71969,3713,3982,13114,541,21350,1358,573972,13008,1,2898
2009,36,4.05315,3.94975,4087,4547,13407,520,22561,1367,571201,14896,10,3566
2009,37,4.26621,4.08756,4445,5668,15326,652,26091,1380,638302,16682,4,4265
2009,38,4.21579,4.01897,4462,5252,14152,588,24454,1313,608464,16820,11,4529
2009,39,4.8861,4.60362,4974,6090,16291,564,27919,1331,606458,15419,12,4919
2009,40,6.06923,5.66087,9302,10809,27406,903,48420,2056,855346,23980,21,8021
2009,41,7.09467,6.81522,11527,13071,32585,1013,58196,2134,853912,29005,18,10881
2009,42,7.7151,7.61889,13187,15447,39364,1070,69068,2162,906536,31511,32,12377
2009,43,7.55134,7.38836,13174,15249,36860,1128,66411,2167,898860,28104,17,9981
2009,44,6.67118,6.33927,12161,12922,30860,1074,57017,2197,899425,24986,24,7703
2009,45,5.20633,4.94349,10151,10488,21112,978,42729,2191,864348,21788,14,6002
2009,46,4.04477,3.80996,8979,8006,14652,883,32520,2157,853552,18493,12,3616
2009,47,3.49722,3.44106,7716,5784,8237,771,22508,2146,654101,13301,5,1932
2009,48,2.69023,2.66773,7195,5729,7988,818,21730,2122,814550,13134,30,1380
2009,49,2.47119,2.47183,6490,4902,7218,715,19325,2093,781811,11364,16,852
2009,50,2.44773,2.345,6275,4362,5785,659,17081,2014,728401,10494,13,663
2009,51,2.64594,2.71435,6078,3726,4127,644,14575,1934,536961,8622,4,423
2009,52,2.61567,2.67667,6598,4486,3726,803,15613,1937,583299,9617,9,459
2010,1,1.90712,1.98284,4998,4577,3961,763,14299,1996,721138,9456,11,368
2010,2,1.86738,1.82749,4877,3975,4614,622,14088,2016,770895,8753,11,406
2010,3,1.88072,1.92606,5399,3701,5079,578,14757,2053,766177,8468,1,476
2010,4,1.96908,1.92495,5333,3606,5655,528,15122,2026,785580,8378,9,419
2010,5,2.11387,2.08877,5816,3529,6142,550,16037,1996,767773,8243,10,415
2010,6,2.09695,2.03434,5496,3650,5577,658,15381,1977,756068,8099,9,360
2010,7,1.90294,1.97649,5388,3643,5536,498,15065,1954,762208,8375,7,393
2010,8,1.96951,1.99362,5040,4161,6207,679,16087,1990,806925,8074,3,435
2010,9,1.92331,1.85383,4281,3848,5685,672,14486,1953,781411,7514,6,455
2010,10,1.89659,1.8673,4612,3772,5270,700,14354,1946,768702,7502,13,483
2010,11,1.75181,1.69987,4063,3444,4466,628,12601,1933,741293,6485,4,366
2010,12,1.52632,1.49741,3625,2924,4108,534,11191,1917,747358,5654,11,239
2010,13,1.49572,1.45112,3408,2690,3733,528,10359,1875,713863,5246,6,222
2010,14,1.22313,1.20715,3090,2362,2933,428,8813,1850,730068,4716,1,129
2010,15,1.17754,1.17415,3117,2170,3110,404,8801,1831,749563,4095,8,76
2010,16,1.09112,1.16207,2921,1983,3044,414,8362,1765,719580,3740,13,34
2010,17,1.11958,1.17213,3081,1992,2972,395,8440,1755,720054,3660,4,22
2010,18,1.08169,1.12168,2781,1867,2901,365,7914,1710,705551,3117,3,22
2010,19,1.12497,1.14981,2851,1854,2645,347,7697,1664,669414,2891,4,14
2010,20,1.06197,1.13328,2816,1862,2553,372,7603,1624,670887,2903,3,12
2010,21,1.08909,1.08171,2636,1680,2188,349,6853,1497,633532,2689,2,3
2010,22,1.1776,1.19959,2413,1675,2172,335,6595,1421,549773,2136,2,4
2010,23,0.97493,0.952808,2147,1455,1831,322,5755,1435,604004,2163,3,3
2010,24,0.987132,0.916032,1975,1317,1784,240,5316,1405,580329,2033,3,6
2010,25,0.995991,0.926582,2027,1279,1779,249,5334,1384,575664,1987,0,8
2010,26,0.904726,0.86962,1754,1185,1541,238,4718,1347,542536,1820,1,3
2010,27,0.941927,0.903133,1753,1150,1566,222,4691,1353,519414,1636,0,5
2010,28,0.880415,0.773776,1458,1117,1450,209,4234,1284,547187,1620,2,9
2010,29,0.842615,0.742774,1323,1094,1335,198,3950,1265,531790,1606,3,5
2010,30,0.858382,0.730934,1290,1107,1279,174,3850,1250,526723,1686,5,18
2010,31,0.83383,0.786882,1381,1130,1357,209,4077,1241,518121,1520,1,15
2010,32,0.847437,0.763051,1378,1109,1307,214,4008,1212,525260,1676,10,19
2010,33,0.888273,0.841043,1485,1243,1592,198,4518,1225,537190,1790,3,16
2010,34,0.765372,0.791573,1520,1106,1592,202,4420,1235,558382,1967,6,34
2010,35,0.91858,0.912732,1564,1373,1866,204,5007,1170,548573,2212,4,24
2010,36,1.01432,1.03398,1850,1450,1959,234,5493,1198,531250,2336,4,32
2010,37,1.01233,0.934009,1720,1419,2118,253,5510,1210,589930,2698,6,44
2010,38,1.11803,1.08189,2134,1771,2510,326,6741,1206,623077,2960,9,39
2010,39,1.11806,1.06563,1995,1715,2383,294,6387,1254,599366,2988,10,30
2010,40,1.10939,1.13505,2627,2304,3142,400,8473,1838,746485,3600,23,54
2010,41,1.24341,1.25256,2953,2428,3522,444,9347,1875,746230,4006,36,92
2010,42,1.25726,1.2457,3044,2588,3641,411,9684,1907,777397,4112,45,94
2010,43,1.25734,1.26774,3226,2436,3822,420,9904,1929,781234,4240,52,114
2010,44,1.43414,1.43723,3451,2717,4397,455,11020,1947,766753,4608,106,141
2010,45,1.51838,1.53341,3927,2690,4679,511,11807,1940,769982,5377,163,187
2010,46,1.61617,1.69445,4416,3101,5322,497,13336,1921,787038,5578,237,250
2010,47,1.84378,1.9915,4598,2786,4145,550,12079,1938,606527,5533,265,322
2010,48,1.72535,1.81305,5045,3355,4978,619,13997,1964,772016,5975,260,337
2010,49,1.87923,2.01426,5060,3404,5867,627,14958,1936,742606,6361,310,533
2010,50,2.3371,2.55659,6300,3878,7194,650,18022,1916,704923,7692,542,908
2010,51,3.03533,3.38185,7295,4695,7071,838,19899,1840,588406,8172,689,1357
2010,52,3.136,3.43172,7478,6036,5764,1068,20346,1887,592880,9030,648,1724
2011,1,2.53336,2.69151,6584,6041,6342,1059,20026,1923,744043,10441,572,2056
2011,2,2.91288,2.91063,6238,5757,7773,953,20721,1921,711908,10190,585,2399
2011,3,3.44497,3.49232,7247,6829,11243,938,26257,1964,751850,11067,741,2969
2011,4,4.16185,4.0037,8007,7746,15291,931,31975,1947,798637,12950,972,3475
2011,5,4.55159,4.43534,8195,8526,16366,1197,34284,1970,772974,13875,1127,3785
2011,6,4.46504,4.24215,8036,8808,16516,1096,34456,1961,812230,14647,1177,3900
2011,7,4.55124,4.39719,8172,9609,17493,1293,36567,1910,831600,16401,1354,4362
2011,8,4.0822,3.90256,7839,8453,13718,1267,31277,1908,801449,15033,1204,3453
2011,9,3.38812,3.15073,6376,6609,10496,1146,24627,1860,781629,12990,884,2689
2011,10,2.99142,2.72422,5691,5360,8427,899,20377,1829,747993,11625,691,2075
2011,11,2.61542,2.33336,5363,4440,6702,804,17309,1823,741807,9860,563,1437
2011,12,2.09065,1.925,4400,3529,5489,613,14031,1790,728883,8443,406,955
2011,13,1.86146,1.75243,4189,3121,5025,622,12957,1770,739375,7107,293,617
2011,14,1.61377,1.57704,3701,2732,4557,508,11498,1723,729089,6481,254,382
2011,15,1.42199,1.35766,3164,2215,3562,450,9391,1681,691707,5615,159,241
2011,16,1.3382,1.31223,3139,2064,3064,428,8695,1651,662612,4642,86,119
2011,17,1.19995,1.14937,2895,1879,2673,383,7830,1612,681240,3976,63,70
2011,18,1.14889,1.11451,2532,1829,2553,393,7307,1585,655627,3611,25,44
2011,19,1.12194,1.10984,2551,1739,2595,351,7236,1556,651983,3271,15,21
2011,20,1.06712,1.0524,2353,1592,2280,305,6530,1516,620485,3079,13,13
2011,21,1.05058,1.03536,2213,1450,2110,299,6072,1381,586460,2705,5,13
2011,22,1.15203,1.11777,2249,1410,1980,307,5946,1357,531954,2442,6,7
2011,23,0.970975,0.982949,2040,1469,1760,278,5547,1296,564322,2259,4,2
2011,24,0.894683,0.925194,1812,1316,1599,262,4989,1279,539238,2109,0,9
2011,25,0.843568,0.835531,1604,1178,1422,244,4448,1251,532356,1967,3,2
2011,26,0.815409,0.832393,1472,1074,1462,210,4218,1225,506732,1560,1,3
2011,27,0.823052,0.855591,1423,1093,1269,224,4009,1211,468565,1498,1,4
2011,28,0.674635,0.706949,1255,1072,1206,188,3721,1220,526346,1500,4,5
2011,29,0.631883,0.694387,1243,992,1184,178,3597,1203,518011,1500,5,5
2011,30,0.641513,0.687976,1251,930,1188,169,3538,1179,514262,1307,1,3
2011,31,0.529813,0.644743,1088,838,1125,151,3202,1175,496632,1428,3,8
2011,32,0.644089,0.67533,1207,935,1223,158,3523,1175,521671,1433,2,11
2011,33,0.667718,0.72823,1342,1008,1358,166,3874,1191,531975,1506,3,13
2011,34,0.705668,0.806526,1505,1119,1600,220,4444,1195,551005,1705,6,11
2011,35,0.804155,0.860408,1528,1195,1781,213,4717,1200,548228,1925,1,14
2011,36,0.907804,0.936075,1622,1197,1809,185,4813,1184,514168,2056,2,11
2011,37,1.00555,0.966683,1788,1368,2206,205,5567,1196,575887,2326,4,17
2011,38,1.03601,0.996007,1816,1500,2264,242,5822,1201,584534,2612,8,13
2011,39,1.07583,1.10846,2248,1702,2514,244,6708,1213,605162,2920,6,29
2011,40,1.16092,1.20345,3106,2397,3485,377,9365,1850,778182,3192,9,24
2011,41,1.19785,1.23777,3317,2449,3667,370,9803,1883,791987,3316,8,11
2011,42,1.27926,1.25259,3324,2418,3837,379,9958,1905,794995,3425,8,20
2011,43,1.29194,1.30546,3453,2430,4035,380,10298,1900,788840,3749,12,32
2011,44,1.42824,1.45295,3634,2717,4658,387,11396,1925,784334,4075,9,30
2011,45,1.39803,1.44089,3949,2743,4348,456,11496,1946,797839,4326,15,34
2011,46,1.45831,1.46221,3923,2963,4361,474,11721,1900,801594,4580,12,32
2011,47,1.56548,1.65573,4125,2482,3340,430,10377,1918,626731,4108,19,56
2011,48,1.34313,1.46606,4237,2874,3955,413,11479,1904,782984,4669,17,55
2011,49,1.48139,1.51811,3995,2710,4040,442,11187,1898,736905,4710,20,88
2011,50,1.63398,1.66429,4579,2915,4097,546,12137,1872,729258,4906,20,113
2011,51,1.83126,1.85274,5016,2886,3535,521,11958,1851,645424,5151,24,173
2011,52,2.10451,2.12413,5243,3261,3184,668,12356,1821,581697,5470,18,164
2012,1,1.73625,1.76709,4514,3370,3393,715,11992,1891,678631,5690,22,161
2012,2,1.55066,1.5434,4059,3237,3636,611,11543,1883,747894,5341,15,220
2012,3,1.62891,1.64762,4364,3047,4030,498,11939,1887,724623,5364,18,302
2012,4,1.76038,1.6843,4766,3128,4802,513,13209,1891,784244,5840,32,441
2012,5,1.92728,1.86354,5218,3330,5336,564,14448,1885,775298,6251,43,637
2012,6,1.91994,1.86408,5028,3476,5555,565,14624,1875,784516,6413,56,753
2012,7,2.09951,2.01839,5277,3991,5994,667,15929,1884,789193,7298,71,1012
2012,8,2.23973,2.10385,5246,4140,5990,761,16137,1853,767022,7596,78,1365
2012,9,2.21921,2.09555,5219,4294,6239,766,16518,1826,788242,8485,112,1909
2012,10,2.16693,2.10398,4811,3830,6493,629,15763,1816,749198,8459,123,2261
2012,11,2.38913,2.2941,5175,4506,6768,701,17150,1819,747570,8822,199,2511
2012,12,1.96466,1.92223,4422,3810,5683,609,14524,1780,755579,7974,237,1958
2012,13,1.84229,1.74239,3807,3405,5256,549,13017,1753,747079,7450,244,1362
2012,14,1.68674,1.67601,3582,3145,4631,572,11930,1729,711808,6695,275,1203
2012,15,1.53136,1.49637,3253,2876,4059,544,10732,1707,717202,6304,298,991
2012,16,1.37912,1.38202,3001,2709,4020,393,10123,1699,732480,5689,314,860
2012,17,1.29515,1.28926,2638,2495,3802,435,9370,1675,726772,4980,274,586
2012,18,1.39521,1.35803,2509,2364,3671,455,8999,1564,662649,4522,252,471
2012,19,1.32522,1.30833,2524,2165,3468,419,8576,1546,655492,4061,266,350
2012,20,1.23059,1.26692,2465,2135,3087,375,8062,1503,636347,3811,254,254
2012,21,1.23028,1.27731,2545,1944,3011,378,7878,1415,616765,3729,260,156
2012,22,1.26877,1.2991,2480,1722,2601,350,7153,1409,550614,3347,228,137
2012,23,1.10782,1.16297,2336,1739,2352,338,6765,1365,581700,3055,197,96
2012,24,1.09559,1.08612,2231,1578,2024,300,6133,1289,564670,2898,179,110
2012,25,1.11031,1.0568,2259,1530,1974,285,6048,1295,572296,2529,103,68
2012,26,1.10616,1.07871,2168,1480,1850,288,5786,1260,536380,2255,113,39
2012,27,1.10816,1.04662,1911,1401,1706,273,5291,1271,505533,1970,59,34
2012,28,0.999444,0.928152,1913,1301,1751,220,5185,1240,558637,2052,41,53
2012,29,0.924199,0.901936,1818,1232,1640,241,4931,1223,546713,2100,48,29
2012,30,0.949257,0.915356,1752,1347,1721,283,5103,1250,557488,2048,32,73
2012,31,0.978903,0.952548,1728,1458,1706,267,5159,1240,541600,2161,33,172
2012,32,0.925024,0.916661,1660,1364,1718,284,5026,1248,548294,2294,25,148
2012,33,0.848456,0.901787,1721,1343,1755,232,5051,1238,560110,2501,27,141
2012,34,1.04451,1.03315,2098,1619,2128,296,6141,1238,594395,2705,23,90
2012,35,1.0986,1.05238,1958,1748,2335,277,6318,1238,600354,2746,19,65
2012,36,1.22071,1.12713,1886,1798,2294,318,6296,1242,558585,2914,32,57
2012,37,1.24976,1.1866,2176,1921,2870,415,7382,1252,622114,3280,44,29
2012,38,1.22892,1.21415,2295,2041,2972,348,7656,1268,630563,3501,42,66
2012,39,1.29393,1.25198,2421,2121,2867,398,7807,1248,623572,3649,64,67
2012,40,1.23034,1.20559,2773,2516,3691,415,9395,1932,779285,4513,78,93
2012,41,1.3278,1.31929,2960,2702,4007,489,10158,1940,769959,4914,95,98
2012,42,1.33995,1.32737,3202,2662,4233,488,10585,1968,797444,5249,122,183
2012,43,1.37842,1.36688,3346,2783,4268,516,10913,1958,798388,5306,141,207
2012,44,1.50085,1.50535,3326,2829,4422,484,11061,1929,734781,5406,154,271
2012,45,1.65163,1.61273,3733,3255,5145,541,12674,1974,785871,6446,231,398
2012,46,1.76746,1.75208,4034,3466,5526,597,13623,1966,777534,6721,267,631
2012,47,2.30609,2.33365,4651,3929,5387,683,14650,1968,627772,7433,364,1005
2012,48,2.16324,2.2268,5102,5448,7018,953,18521,2006,831730,9333,503,1586
2012,49,2.83038,2.97657,6486,6463,10857,1071,24877,2006,835762,12060,693,2829
2012,50,3.43761,3.62552,7446,7779,12945,1262,29432,1977,811800,14711,856,3941
2012,51,4.30554,4.5532,8546,10167,13971,1648,34332,1908,754019,16904,1154,5177
2012,52,6.06082,6.02598,9709,12934,11391,2554,36588,1905,607171,18139,1199,5671
2013,1,4.64931,4.96368,8444,13759,9108,2792,34103,1982,687051,19673,1146,5798
2013,2,4.32584,4.69072,8297,15379,13424,2796,39896,1995,850531,22224,1237,6365
2013,3,4.51113,4.70473,8633,12500,15992,2316,39441,2008,838326,20931,1142,5251
2013,4,4.2171,4.1646,7441,9781,13439,1765,32426,1978,778610,18668,1189,4332
2013,5,3.78956,3.69533,6609,8972,12653,1574,29808,1963,806640,16228,1158,3146
2013,6,3.29206,3.2363,5757,7207,10816,1207,24987,1931,772086,14491,1188,2106
2013,7,3.0197,2.89421,5289,6592,9395,1045,22321,1926,771229,12691,1194,1456
2013,8,2.71499,2.71742,5099,5982,8415,1023,20519,1940,755092,11354,1225,1050
2013,9,2.4845,2.52297,4633,5649,7981,968,19231,1893,762238,10504,1181,786
2013,10,2.57808,2.55227,4791,5471,7709,858,18829,1884,737736,10165,1204,617
2013,11,2.39237,2.43225,4480,4958,7065,889,17392,1846,715059,9559,1155,462
2013,12,2.06778,2.10851,3957,4461,6095,741,15254,1825,723449,8647,1017,359
2013,13,1.90281,1.94725,3830,4048,5204,632,13714,1811,704276,7722,853,263
2013,14,1.65902,1.74859,3516,3783,4299,675,12273,1769,701881,6782,687,258
2013,15,1.43006,1.49713,3110,3176,3929,603,10818,1742,722583,6198,489,182
2013,16,1.27757,1.32313,2707,2481,3509,491,9188,1732,694415,5575,332,156
2013,17,1.19009,1.22647,2588,2212,3364,425,8589,1711,700300,5095,249,142
2013,18,1.09556,1.19614,2439,2035,3142,370,7986,1675,667648,4919,222,102
2013,19,1.08589,1.19049,2422,2044,2877,361,7704,1630,647130,4473,166,76
2013,20,1.07343,1.17426,2431,1910,2583,393,7317,1582,623114,4102,126,57
2013,21,1.01677,1.13342,2230,1772,2219,368,6589,1489,581338,4097,123,56
2013,22,1.04847,1.14306,2109,1630,2094,357,6190,1486,541528,3587,95,56
2013,23,0.920349,1.00881,1983,1546,1779,330,5638,1421,558875,3576,82,56
2013,24,0.920779,1.02358,1969,1580,1713,277,5539,1419,541138,3254,63,65
2013,25,0.904333,1.00138,1877,1529,1766,302,5474,1405,546643,3227,55,74
2013,26,0.83057,0.909498,1703,1346,1581,285,4915,1389,540408,2999,28,69
2013,27,0.862837,0.950042,1594,1172,1489,251,4506,1357,474295,2579,25,59
2013,28,0.732182,0.829299,1576,1224,1491,219,4510,1362,543833,2653,14,86
2013,29,0.724558,0.802109,1432,1164,1405,185,4186,1341,521874,2504,14,60
2013,30,0.740848,0.806333,1416,1132,1464,221,4233,1325,524969,2316,10,58
2013,31,0.726037,0.796937,1216,1202,1284,184,3886,1290,487617,2549,20,69
2013,32,0.755639,0.779136,1367,1172,1338,198,4075,1299,523015,2494,12,66
2013,33,0.761847,0.797653,1364,1250,1366,188,4168,1276,522533,2304,12,52
2013,34,0.779896,0.825485,1331,1193,1561,232,4317,1265,522965,2560,3,57
2013,35,0.899138,0.935469,1499,1424,1814,316,5053,1260,540157,3006,10,113
2013,36,0.999524,1.04345,1681,1599,2035,311,5626,1317,539175,3148,13,102
2013,37,1.0558,1.09107,1926,1657,2437,354,6374,1307,584196,3602,7,115
2013,38,1.0967,1.20108,2175,1887,2683,365,7110,1290,591969,3888,22,102
2013,39,1.24709,1.26179,2393,2148,2963,459,7963,1364,631088,4596,20,168
2013,40,1.15746,1.13249,2974,2478,3769,456,9677,1960,854487,4911,28,166
2013,41,1.27184,1.21121,3276,2686,3925,533,10420,1990,860298,5808,32,197
2013,42,1.31623,1.25682,3483,2795,3880,500,10658,2018,848016,5801,26,159
2013,43,1.37444,1.37097,3930,3108,4484,514,12036,2027,877917,5886,14,194
2013,44,1.46781,1.42956,4045,3284,4642,531,12502,2028,874537,6316,43,250
2013,45,1.5834,1.53588,4434,3464,5062,538,13498,2017,878845,6945,43,357
2013,46,1.60253,1.60267,4643,3706,5000,578,13927,2054,868987,7203,37,481
2013,47,1.72344,1.73267,4835,4171,5579,583,15168,2012,875411,7839,57,660
2013,48,2.11076,2.09858,4937,4086,4313,639,13975,2042,665926,7433,42,856
2013,49,2.1708,2.21374,5549,5927,6579,865,18920,2055,854664,10169,69,1650
2013,50,2.36971,2.41674,5501,6049,7046,802,19398,2054,802651,10837,52,2201
2013,51,3.15997,3.03071,6555,8797,8406,939,24697,2009,814891,14015,67,3888
2013,52,4.59053,4.38724,7814,10373,7485,1316,26988,2007,615148,15748,93,4800
2014,1,4.28195,4.2112,7488,12690,6726,1750,28654,2033,680424,17779,88,5099
2014,2,3.56288,3.46492,6233,12411,7881,1622,28147,2059,812343,18253,91,4966
2014,3,3.36378,3.31698,6007,11240,9517,1606,28370,2049,855297,17480,131,4549
2014,4,3.39659,3.2407,5878,9434,8858,1332,25502,2062,786928,16468,185,3817
2014,5,3.11922,2.88598,5133,8434,8714,1203,23484,2051,813726,14618,175,2815
2014,6,2.83572,2.62172,4729,7520,7711,1125,21085,2051,804244,12995,219,2258
2014,7,2.48484,2.34067,4210,6299,6717,969,18195,2018,777340,11892,227,1724
2014,8,2.2741,2.12059,4250,5990,6121,873,17234,2025,812700,11127,248,1270
2014,9,2.07244,1.91094,3953,5196,5875,890,15914,1978,832786,10252,274,944
2014,10,1.98207,1.9023,3775,4902,5575,792,15044,1944,790831,9441,301,722
2014,11,1.82441,1.76619,3616,4570,5022,816,14024,1904,794024,8922,334,652
2014,12,1.82036,1.85791,3798,4707,5611,810,14926,1922,803374,8216,464,566
2014,13,1.75391,1.82094,3523,4554,5812,772,14661,1887,805133,7905,525,528
2014,14,1.74542,1.83453,3582,4589,5659,807,14637,1866,797863,7531,595,498
2014,15,1.67236,1.75446,3574,4259,5587,786,14206,1845,809707,7179,624,450
2014,16,1.51659,1.51636,3130,3604,4279,710,11723,1810,773101,6648,516,396
2014,17,1.44778,1.40334,2846,3540,3770,658,10814,1771,770592,6317,469,355
2014,18,1.29028,1.2593,2501,2997,3591,559,9648,1746,766139,5865,447,295
2014,19,1.37388,1.32482,2789,2843,3615,528,9775,1714,737834,5436,354,243
2014,20,1.34208,1.27576,2544,2701,3256,532,9033,1660,708049,5315,322,229
2014,21,1.34563,1.29483,2733,2513,3068,483,8797,1570,679395,4833,236,171
2014,22,1.21291,1.2261,2528,2167,2459,504,7658,1554,624582,4757,225,198
2014,23,1.19291,1.14538,2383,2099,2349,398,7229,1461,631143,4310,160,151
2014,24,1.14146,1.0678,2227,1974,2181,401,6783,1461,635233,4140,140,154
2014,25,1.06503,1.07269,2159,1813,2009,388,6369,1392,593740,3877,113,115
2014,26,1.12669,1.01298,2049,1744,1917,328,6038,1411,596063,3434,100,74
2014,27,0.947353,0.994705,1865,1491,1688,308,5352,1388,538049,3144,83,75
2014,28,0.944187,0.880862,1758,1563,1623,351,5295,1394,601116,3057,66,87
2014,29,0.934822,0.858173,1582,1519,1621,361,5083,1376,592305,3188,61,60
2014,30,0.81736,0.805152,1455,1526,1450,334,4765,1372,591814,3127,50,67
2014,31,0.852792,0.818781,1450,1511,1655,326,4942,1378,603580,2939,27,80
2014,32,0.746994,0.783735,1460,1483,1528,273,4744,1382,605307,2973,23,65
2014,33,0.761098,0.848703,1528,1510,1631,311,4980,1369,586778,3270,36,76
2014,34,0.767627,0.834146,1569,1608,1813,315,5305,1371,635980,3339,42,68
2014,35,0.862176,0.905981,1684,1624,2184,307,5799,1353,640080,3973,42,94
2014,36,0.984907,1.04506,1753,1737,2258,302,6050,1352,578913,4227,34,83
2014,37,1.16287,1.16816,2300,2118,3316,396,8130,1401,695966,5324,31,100
2014,38,1.22731,1.27649,2535,2310,3650,393,8888,1405,696282,5681,53,118
2014,39,1.2071,1.29758,2522,2477,3447,428,8874,1407,683887,5905,65,139
2014,40,1.16191,1.20612,2958,2671,3994,527,10150,1937,841540,9567,110,199
2014,41,1.30905,1.32485,3055,2937,4437,548,10977,1960,828544,11036,160,279
2014,42,1.37072,1.41192,3442,3191,4728,580,11941,2000,845727,11729,164,420
2014,43,1.43373,1.42547,3455,3351,4955,531,12292,2008,862314,11385,127,417
2014,44,1.42791,1.43909,3632,3049,5102,530,12313,2053,855608,11531,136,591
2014,45,1.61605,1.61532,4277,3212,5799,565,13853,2058,857601,12918,155,1001
2014,46,1.65976,1.66473,4424,3234,5816,588,14062,1997,844700,13777,147,1270
2014,47,2.05459,2.0058,4740,3970,7322,642,16674,2058,831289,16166,163,2240
2014,48,2.53541,2.62227,5432,4442,6848,880,17602,2067,671251,18504,200,3424
2014,49,2.54253,2.60749,6185,6390,9106,1224,22905,2097,878430,23068,249,5081
2014,50,3.60563,3.4178,7424,7257,13050,1441,29172,2069,853532,29223,315,7876
2014,51,4.90976,4.46555,9270,9591,16418,2103,37382,2016,837119,37114,325,11145
2014,52,5.98221,6.11497,10363,12700,13951,3519,40533,1984,662849,42518,392,13406
2014,53,5.47421,5.30979,9732,13636,9406,4117,36891,1983,694773,41550,409,10965
2015,1,4.21374,4.07898,7160,11686,9589,3048,31483,1958,771835,38508,372,8874
2015,2,4.21022,3.93762,7044,9855,11966,2339,31204,1971,792459,35598,473,8175
2015,3,4.25968,4.15076,7840,9402,13949,2030,33221,1966,800359,34194,548,7435
2015,4,3.97761,3.87899,7118,8429,13159,1915,30621,1955,789407,32003,606,6275
2015,5,3.63443,3.45794,6656,7748,12093,1654,28151,1950,814097,29581,723,4899
2015,6,3.26527,3.06359,6429,6956,10328,1505,25218,1917,823153,26994,869,3328
2015,7,2.93083,2.82646,5537,6137,8164,1271,21109,1907,746836,24293,1010,2360
2015,8,2.54474,2.3599,4823,5826,7280,1249,19178,1934,812660,22294,1127,1712
2015,9,2.47227,2.33472,4639,5610,7116,1076,18441,1912,789858,20420,1352,1337
2015,10,2.35665,2.21286,4710,5308,6748,1067,17833,1907,805881,19845,1656,871
2015,11,2.17008,2.07619,4559,5055,6084,997,16695,1883,804117,18419,1565,644
2015,12,2.04297,2.01267,4418,4770,6003,931,16122,1848,801027,16980,1479,431
2015,13,1.954,1.94192,4174,4289,5623,889,14975,1819,771143,15125,1377,291
2015,14,1.72287,1.74809,3903,4318,4634,878,13733,1820,785602,14743,1272,202
2015,15,1.53694,1.50367,3448,3608,4214,774,12044,1813,800974,13389,969,158
2015,16,1.38283,1.43494,3182,3027,4011,640,10860,1768,756827,11873,683,90
2015,17,1.46265,1.45673,3203,3010,4280,602,11095,1753,761638,10770,544,66
2015,18,1.38934,1.42836,3106,2920,4079,589,10694,1735,748690,9784,494,33
2015,19,1.3468,1.35297,2805,2623,3641,602,9671,1688,714799,9188,340,44
2015,20,1.25452,1.33093,2754,2504,3296,470,9024,1622,678023,8412,267,41
2015,21,1.21636,1.28422,2593,2113,2714,493,7913,1579,616171,7748,184,42
2015,22,1.16734,1.13889,2211,1928,2345,462,6946,1505,609891,6993,152,42
2015,23,1.04654,1.10343,2109,1895,2284,456,6744,1455,611184,6725,129,49
2015,24,0.943661,0.970748,1734,1662,2046,408,5850,1459,602628,6133,78,74
2015,25,0.935046,0.998681,1897,1666,1921,429,5913,1445,592081,5558,46,75
2015,26,0.934726,0.978057,1678,1473,1701,380,5232,1417,534938,5248,33,96
2015,27,0.864118,0.866431,1546,1524,1675,371,5116,1428,590468,5260,36,63
2015,28,0.806535,0.827757,1487,1433,1609,341,4870,1411,588337,5039,37,49
2015,29,0.742747,0.797572,1383,1424,1498,321,4626,1401,580010,4811,21,52
2015,30,0.737859,0.811221,1415,1431,1459,300,4605,1352,567663,4785,9,64
2015,31,0.743224,0.821165,1392,1446,1590,325,4753,1364,578812,4790,18,75
2015,32,0.805251,0.819435,1330,1462,1667,291,4750,1340,579668,4910,14,67
2015,33,0.816943,0.848041,1429,1570,1815,359,5173,1356,609994,5170,16,82
2015,34,0.814518,0.888524,1687,1574,2033,354,5648,1362,635661,5381,20,80
2015,35,0.86067,0.962826,1636,1711,2292,324,5963,1354,619323,6115,29,110
2015,36,0.886704,1.02252,1714,1758,2169,329,5970,1349,583853,6786,38,110
2015,37,1.00845,1.08392,1993,1928,2744,397,7062,1369,651524,7694,47,151
2015,38,1.06625,1.17724,2178,2147,2947,432,7704,1367,654414,8855,46,121
2015,39,1.05995,1.1716,2170,2306,2746,404,7626,1332,650904,9876,59,143
2015,40,1.22559,1.24325,2849,2886,3693,621,10049,1963,808287,13168,54,155
2015,41,1.31066,1.3234,3016,3014,4007,678,10715,1976,809660,14263,64,164
2015,42,1.3711,1.40399,3263,3308,4360,653,11584,1995,825079,14639,65,158
2015,43,1.39171,1.37629,3141,3181,4148,694,11164,1999,811165,14781,66,142
2015,44,1.43712,1.46866,3563,3385,4783,692,12423,2048,845875,16152,82,128
2015,45,1.50165,1.533,3746,3460,4725,745,12676,2028,826877,16441,102,168
2015,46,1.59805,1.60841,3960,3682,5076,766,13484,2023,838344,16708,106,144
2015,47,1.89668,1.90047,3974,3408,4073,703,12158,2000,639738,16391,108,160
2015,48,1.67728,1.73645,4469,4243,5076,829,14617,2040,841777,17751,105,211
2015,49,1.78296,1.81945,4575,4154,5384,873,14986,2020,823657,18191,130,218
2015,50,1.87336,1.96571,5135,4213,5105,943,15396,2000,783227,18833,225,352
2015,51,2.32148,2.42021,5377,4132,4317,1013,14839,1978,613128,18123,209,343
2015,52,2.40991,2.41083,5700,4788,4011,1180,15679,1949,650356,20350,257,467
2016,1,1.94328,1.98859,4775,5228,4494,1157,15654,2004,787192,21627,262,698
2016,2,1.99796,1.98985,4574,4560,5362,1021,15517,2005,779809,20437,354,921
2016,3,2.11829,2.1071,4804,4523,5380,954,15661,2008,743249,20744,468,1190
2016,4,2.25112,2.19256,5088,5166,6882,1007,18143,2026,827482,23359,641,1736
2016,5,2.37116,2.30014,5135,5384,7353,1072,18944,2007,823602,24988,890,2428
2016,6,2.80035,2.67574,5645,6516,8434,1179,21774,2000,813755,28136,1302,3409
2016,7,3.16475,3.02427,5997,7989,9325,1370,24681,1993,816098,31106,1683,4750
2016,8,3.15183,3.11328,6299,8607,10127,1390,26423,1956,848718,35517,2030,6342
2016,9,3.3321,3.32788,6619,8994,11415,1440,28468,1952,855439,38567,2330,7754
2016,10,3.56024,3.5918,6660,10335,11856,1630,30481,1922,848628,41876,2759,9212
2016,11,3.05479,3.09262,5574,8515,9334,1471,24894,1898,804948,38344,2407,6798
2016,12,2.76732,2.78803,5187,6982,8489,1282,21940,1900,786936,33518,2161,5194
2016,13,2.44161,2.52371,4581,6429,7392,1201,19603,1832,776752,30674,2060,3985
2016,14,2.03348,2.12928,3707,5529,6403,1130,16769,1813,787543,26382,1832,2673
2016,15,1.98593,2.05142,3572,5063,6595,1031,16261,1805,792672,23773,1762,2022
2016,16,1.91514,1.98957,3515,4620,6357,945,15437,1774,775895,21676,1736,1542
2016,17,1.69968,1.7858,3157,4221,5557,901,13836,1759,774777,19461,1434,971
2016,18,1.57635,1.60144,2772,3623,4729,746,11870,1742,741210,16505,1037,565
2016,19,1.3935,1.4743,2871,3125,4046,665,10707,1690,726244,15109,822,397
2016,20,1.29941,1.42286,2688,2837,3630,643,9798,1626,688612,13361,613,340
2016,21,1.18379,1.38196,2612,2431,3126,618,8787,1439,635835,12230,492,201
2016,22,1.13723,1.33712,2545,2300,2620,532,7997,1482,598077,10549,299,100
2016,23,1.04118,1.13894,2293,2077,2313,518,7201,1446,632252,9636,244,91
2016,24,0.971814,1.09641,2189,1942,2171,466,6768,1440,617287,8788,116,84
2016,25,0.863306,0.999559,2062,1671,1905,386,6024,1402,602666,7737,113,71
2016,26,0.833797,0.99095,1873,1619,1810,384,5686,1382,573793,6623,70,50
2016,27,0.784516,0.931253,1646,1448,1641,383,5118,1379,549582,6249,49,44
2016,28,0.734327,0.843118,1610,1486,1599,383,5078,1392,602288,6619,47,47
2016,29,0.698845,0.840286,1670,1378,1621,375,5044,1388,600272,6185,40,45
2016,30,0.723099,0.830065,1580,1398,1624,323,4925,1393,593327,6054,39,61
2016,31,0.663501,0.790428,1455,1330,1496,315,4596,1360,581457,6026,25,84
2016,32,0.69276,0.830826,1512,1398,1639,319,4868,1329,585923,6124,46,66
2016,33,0.710029,0.856796,1644,1401,1914,306,5265,1345,614499,6350,32,61
2016,34,0.834232,1.00746,1848,1699,2364,349,6260,1356,621362,6628,35,96
2016,35,0.992621,1.05868,1815,1697,2651,341,6504,1354,614349,7501,52,118
2016,36,1.01605,1.10028,1883,1755,2604,381,6623,1347,601938,8132,66,105
2016,37,1.07169,1.1457,2026,2088,3073,452,7639,1365,666755,9280,78,139
2016,38,1.10163,1.2189,2341,2152,3298,438,8229,1363,675119,10040,83,180
2016,39,1.18841,1.31113,2413,2275,3334,483,8505,1389,648678,11292,99,185
2016,40,1.2019,1.27386,3110,2942,4169,643,10864,1946,852842,14278,100,216
2016,41,1.23108,1.29342,3207,3034,4078,678,10997,1973,850228,15023,99,200
2016,42,1.26796,1.33097,3564,3215,4452,695,11926,1983,896035,16250,116,263
2016,43,1.36298,1.42662,3786,3393,4769,700,12648,2006,886570,16480,100,287
2016,44,1.48535,1.57071,4314,3474,5287,715,13790,1999,877947,17948,138,338
2016,45,1.55954,1.65146,4703,3604,5193,758,14258,1990,863356,19086,133,432
2016,46,1.64783,1.73309,4979,3742,5610,829,15160,2000,874739,20411,165,547
2016,47,1.91275,2.03388,5032,3742,4567,867,14208,2011,698566,19618,186,634
2016,48,1.81725,1.88331,5209,4685,5655,1056,16605,2001,881694,23255,223,874
2016,49,1.91433,2.00292,5501,4601,5812,1047,16961,2013,846813,22444,210,1192
2016,50,2.21003,2.27731,5744,4976,6724,1019,18463,2000,810736,25720,271,2136
2016,51,2.73568,2.91465,6653,6022,7469,1421,21565,1977,739882,29439,423,3619
2016,52,3.36832,3.54919,7712,7899,7144,2145,24900,1928,701569,36560,497,6009
2017,1,3.09689,3.08102,6716,8446,6786,2230,24178,2024,784740,38960,512,6421
2017,2,3.07346,3.01875,6020,7952,8843,2082,24897,1997,824746,39546,626,7224
2017,3,3.51643,3.40446,6399,8305,12147,1930,28781,2029,845391,41010,854,8396
2017,4,3.8027,3.52869,6958,8411,14073,1823,31265,2021,886023,42620,1021,8761
2017,5,4.50313,4.10665,7452,9490,17482,2093,36517,2024,889216,46521,1425,10456
2017,6,5.06308,4.7551,8110,11984,20150,2646,42890,2027,901978,53516,2303,12771
2017,7,4.86009,4.65163,7726,11980,18692,2637,41035,1967,882163,54691,3108,12248
2017,8,4.57916,4.57049,7649,12367,17300,2808,40124,1987,877892,52446,3557,11226
2017,9,3.55674,3.45522,6129,9479,12394,2181,30183,1995,873547,44426,2998,7164
2017,10,3.50417,3.29505,5854,8736,11552,1918,28060,1971,851580,42112,3419,5953
2017,11,3.21511,3.16426,5503,8117,10084,1780,25484,1958,805370,39836,3876,4743
2017,12,3.10088,3.14433,5514,8499,11503,1838,27354,1940,869946,38400,4555,4099
2017,13,2.79056,2.87936,5145,7424,10149,1624,24342,1899,845397,35530,4595,3030
2017,14,2.38547,2.36977,4488,5678,8178,1333,19677,1906,830332,31021,3686,1838
2017,15,1.9703,1.93853,3909,4621,5847,1171,15548,1861,802052,26720,2813,1129
2017,16,1.73442,1.64064,3306,4024,4683,993,13006,1845,792740,23640,1960,724
2017,17,1.56303,1.4752,2997,3502,4497,928,11924,1846,808298,20099,1227,468
2017,18,1.4128,1.37755,2890,3050,4105,717,10762,1795,781240,17267,911,342
2017,19,1.27492,1.33771,2751,2899,3831,721,10202,1767,762648,16191,775,334
2017,20,1.2834,1.34686,2685,2897,3518,709,9809,1746,728288,15080,659,285
2017,21,1.16663,1.26579,2341,2516,3060,647,8564,1614,676574,13461,507,227
2017,22,1.10977,1.25701,2311,2287,2575,583,7756,1569,617021,12194,442,211
2017,23,1.04333,1.16048,2412,2130,2377,591,7510,1493,647145,11119,329,174
2017,24,0.905151,1.04834,2049,1941,2099,547,6636,1470,633003,9966,227,183
2017,25,0.902718,0.992711,1930,1841,1971,498,6240,1469,628582,8843,167,152
2017,26,0.859531,0.961603,1771,1610,1748,467,5596,1422,581945,7859,128,139
2017,27,0.818998,0.955818,1728,1616,1564,418,5326,1456,557219,7366,97,114
2017,28,0.752505,0.827597,1545,1466,1578,372,4961,1405,599446,7741,93,129
2017,29,0.731146,0.811886,1549,1358,1421,419,4747,1384,584688,7532,61,130
2017,30,0.733295,0.818527,1576,1412,1515,376,4879,1377,596071,7122,75,114
2017,31,0.73102,0.829758,1529,1452,1485,433,4899,1390,590413,7110,46,150
2017,32,0.68834,0.828503,1559,1485,1481,390,4915,1386,593239,7266,82,126
2017,33,0.732049,0.885896,1603,1524,1691,412,5230,1350,590363,7949,50,102
2017,34,0.911188,1.05351,1964,1729,2549,411,6653,1379,631507,8570,57,142
2017,35,1.02105,1.11768,2076,1828,2726,503,7133,1370,638196,9890,69,203
2017,36,1.09495,1.14028,2073,1956,2488,555,7072,1384,620201,10850,84,247
2017,37,1.09475,1.13326,2372,2362,2942,628,8304,1485,732755,12321,105,265
2017,38,1.09775,1.17589,2544,2289,3075,655,8563,1484,728214,13529,104,260
2017,39,1.18882,1.23848,2840,2398,3201,640,9079,1468,733077,14583,90,309
2017,40,1.26682,1.28278,3844,3558,4553,875,12830,2205,1000168,16573,133,370
2017,41,1.30662,1.33419,4120,3749,4453,947,13269,2233,994535,17636,121,413
2017,42,1.34866,1.41293,4409,3943,4993,974,14319,2254,1013427,19061,124,465
2017,43,1.51871,1.57884,5003,4245,5529,1049,15826,2251,1002381,19864,170,570
2017,44,1.74793,1.70723,5219,4654,6133,1062,17068,2213,999750,21606,275,791
2017,45,1.87047,1.86372,6108,5132,6625,1129,18994,2278,1019146,23440,289,1034
2017,46,2.06674,2.09726,6805,5978,7478,1354,21615,2281,1030631,25670,417,1402
2017,47,2.28188,2.34372,6945,5551,5876,1445,19817,2264,845535,25441,428,1869
2017,48,2.28528,2.24895,7008,7441,7476,1830,23755,2274,1056270,29582,572,2412
2017,49,2.5848,2.49852,7230,7388,8491,1870,24979,2263,999753,33552,977,3610
2017,50,3.36711,3.20443,8297,9626,11277,2333,31533,2255,984043,38752,1093,6223
2017,51,4.71836,4.4305,10464,14414,14164,3622,42664,2204,962961,52824,2073,11987
2017,52,5.72036,5.46448,11301,17096,11509,5080,44986,2122,823244,60942,2599,15294
2018,1,5.77543,5.37416,9426,20238,11748,5870,47282,2235,879802,67726,3208,16672
2018,2,5.9083,5.54335,10082,23191,17403,6246,56922,2251,1026852,75195,3985,18948
2018,3,6.49095,6.34203,12004,23509,21873,5551,62937,2277,992379,75417,4677,17965
2018,4,7.17799,7.04897,13432,27274,30671,6091,77468,2279,1098998,87245,6357,19961
2018,5,7.52851,7.79783,14854,28024,37252,5965,86095,2265,1104089,88743,8116,18270
2018,6,7.38424,7.78892,15192,28126,38457,5871,87646,2290,1125265,87883,9231,16732
2018,7,6.46068,6.83583,13340,25233,31984,5430,75987,2215,1111598,80481,9507,13401
2018,8,4.95341,5.17354,10142,18236,20394,4189,52961,2259,1023689,64580,7652,8575
2018,9,3.67274,3.55184,7190,12526,13370,2846,35932,2194,1011645,52069,5550,5251
2018,10,3.2037,3.01348,6357,9622,10841,2289,29109,2203,965961,44035,4440,3477
2018,11,2.78869,2.73862,5590,8738,9479,2121,25928,2188,946753,39323,4170,2839
2018,12,2.50234,2.48438,5212,7969,8635,1969,23785,2168,957380,35690,3751,2387
2018,13,2.41065,2.36593,4722,7015,7216,1743,20696,2131,874750,32633,3551,2068
2018,14,2.07542,2.03306,4550,6610,6211,1696,19067,2117,937849,29245,2868,1422
2018,15,1.78234,1.8062,4148,5567,5508,1449,16672,2076,923041,26533,2308,1106
2018,16,1.61608,1.58958,3859,4648,5269,1116,14892,2103,936850,22657,1723,732
2018,17,1.53992,1.54077,3725,4403,5343,1101,14572,2079,945759,20356,1293,582
2018,18,1.53115,1.45326,3656,3815,4810,992,13273,2005,913326,17926,898,419
2018,19,1.29599,1.28242,3443,3140,4132,902,11617,1922,905868,15577,549,227
2018,20,1.18904,1.2243,3359,3143,3766,799,11067,1966,903948,13477,279,202
2018,21,1.24941,1.23385,3384,2967,3429,866,10646,1883,862825,12143,195,143
2018,22,1.14134,1.22391,3222,2670,2982,734,9608,1789,785022,11054,104,89
2018,23,0.988567,1.04866,2845,2638,2551,654,8688,1783,828488,9989,95,83
2018,24,0.895433,0.979381,2375,2295,2242,658,7570,1738,772937,9212,78,60
2018,25,0.892227,0.94819,2313,2284,2161,616,7374,1759,777692,8715,47,54
2018,26,0.877636,0.867741,2201,2199,1906,626,6932,1720,798856,7920,30,65
2018,27,0.77502,0.822957,2000,1838,1862,549,6249,1764,759335,7010,32,58
2018,28,0.725956,0.772384,1945,2070,1900,587,6502,1769,841809,7162,19,68
2018,29,0.68266,0.707466,1741,1856,1720,469,5786,1732,817849,7009,24,77
2018,30,0.640527,0.686508,1665,1725,1643,463,5496,1728,800573,6976,21,64
2018,31,0.64106,0.68859,1620,1771,1772,454,5617,1708,815725,6477,18,63
2018,32,0.706465,0.736093,1727,1875,1786,476,5864,1670,796639,6954,25,62
2018,33,0.708668,0.806323,1989,1903,2172,478,6542,1705,811337,7246,21,56
2018,34,0.825743,0.954211,2237,2090,2467,515,7309,1601,765973,8042,29,120
2018,35,0.864409,0.962249,2447,2292,2836,542,8117,1661,843545,8970,35,114
2018,36,1.10114,1.14153,2817,2752,3346,621,9536,1693,835370,10137,54,153
2018,37,1.15244,1.14726,2774,2941,3659,689,10063,1689,877135,12476,54,198
2018,38,1.20257,1.31197,3242,3269,3950,729,11190,1666,852916,13717,71,199
2018,39,1.25033,1.37701,3471,3389,4185,669,11714,1694,850685,15324,55,202
2018,40,1.41846,1.42429,4857,5392,6300,1290,17839,2565,1252483,17329,89,266
2018,41,1.40418,1.48151,5307,5683,6250,1321,18561,2609,1252846,18953,96,294
2018,42,1.47401,1.59449,5582,6151,6799,1398,19930,2586,1249933,21331,108,399
2018,43,1.64257,1.72683,6242,6452,7478,1444,21616,2646,1251776,22570,117,454
2018,44,1.79275,1.84522,6864,6555,8285,1450,23154,2633,1254812,23743,109,500
2018,45,1.87043,1.93069,7504,6671,8448,1450,24073,2645,1246860,24902,114,705
2018,46,1.98387,2.09114,7805,7012,8050,1480,24347,2631,1164292,25945,111,869
2018,47,2.24169,2.41082,8598,7122,7193,1699,24612,2586,1020898,25901,84,1176
2018,48,2.14883,2.25019,8885,9332,8787,2076,29080,2640,1292335,30032,120,1404
2018,49,2.25531,2.30458,8803,8423,9269,1861,28356,2633,1230419,30806,169,2125
2018,50,2.64571,2.73758,10150,9595,11373,1980,33098,2622,1209022,35352,210,4103
2018,51,3.14075,3.24643,11507,11439,12811,2479,38236,2571,1177786,41097,229,6731
2018,52,3.97127,4.19267,13586,14769,12026,3523,43904,2545,1047161,45945,279,8479
2019,1,3.46125,3.63499,11675,16602,9557,4260,42094,2609,1158023,47354,184,6892
2019,2,3.07707,3.14077,9344,15221,10744,3443,38752,2629,1233836,44893,254,6838
2019,3,3.32915,3.36551,9668,14250,14248,2943,41109,2633,1221478,45371,229,8635
2019,4,3.81999,3.89305,10728,15607,16925,2853,46113,2614,1184495,47747,294,10502
2019,5,4.3419,4.5253,11606,18142,22188,3251,55187,2639,1219521,52806,346,13235
2019,6,4.88288,5.21525,13828,21842,29688,4084,69442,2644,1331519,58925,476,16307
2019,7,5.04211,5.43173,14224,22257,29223,4274,69978,2628,1288318,58042,585,16425
2019,8,4.88596,5.2776,13612,21799,26456,4478,66345,2623,1257106,58848,575,16769
2019,9,4.5499,4.59585,11622,19532,23450,4131,58735,2634,1278001,58209,523,16679
2019,10,4.38001,4.40341,11146,18414,21736,4052,55348,2614,1256934,58090,564,16390
2019,11,4.2288,4.13279,10975,17917,20065,4176,53133,2622,1285646,57885,707,16301
2019,12,3.68449,3.56166,9559,14915,16537,3775,44786,2596,1257449,52587,767,12510
2019,13,3.08744,3.05634,8621,12432,13608,3183,37844,2587,1238213,45852,794,9284
2019,14,2.69971,2.68251,7591,10757,11757,2800,32905,2597,1226648,39381,783,6136
2019,15,2.28549,2.26747,6739,8759,9988,2317,27803,2542,1226170,33865,722,4097
2019,16,2.01443,1.96931,6319,7035,7894,1874,23122,2517,1174114,29493,612,2384
2019,17,1.7141,1.72372,5689,6542,6617,1735,20583,2490,1194101,25962,533,1341
2019,18,1.56927,1.57693,5362,5746,6203,1537,18848,2459,1195232,21210,402,863
2019,19,1.49991,1.46086,4785,5051,5903,1357,17096,2415,1170273,18582,349,557
2019,20,1.50211,1.50759,4614,4891,5488,1356,16349,2302,1084443,17801,327,461
2019,21,1.42357,1.40452,4597,4556,5227,1367,15747,2205,1121166,16227,293,376
2019,22,1.39457,1.40617,4437,4373,4659,1301,14770,2179,1050372,14942,287,294
2019,23,1.21776,1.23921,3930,4188,4110,1205,13433,2235,1083994,13119,260,227
2019,24,1.11351,1.10622,3350,3613,3607,1048,11618,2139,1050239,11838,162,214
2019,25,0.992293,1.01351,3046,3422,3282,928,10678,2141,1053569,10857,112,182
2019,26,0.947072,0.959926,2940,3081,3106,859,9986,2063,1040288,9519,116,164
2019,27,0.876088,0.873735,2433,2672,2676,768,8549,2111,978443,9215,103,202
2019,28,0.809956,0.795831,2344,2681,2660,737,8422,2090,1058265,9476,93,155
2019,29,0.755431,0.768849,2219,2618,2570,704,8111,2132,1054954,8662,91,176
2019,30,0.73346,0.748185,2128,2561,2451,615,7755,2117,1036508,8247,99,154
2019,31,0.72729,0.758451,2348,2487,2436,603,7874,2128,1038168,8217,98,150
2019,32,0.754637,0.77011,2089,2807,2384,758,8038,2146,1043747,8375,104,119
2019,33,0.730938,0.834825,2630,2835,2828,694,8987,2178,1076513,8654,133,135
2019,34,0.840615,0.942052,2907,2972,3501,716,10096,2147,1071703,9248,150,152
2019,35,0.989217,1.07895,3394,3433,4220,770,11817,2169,1095230,10877,256,194
2019,36,1.14059,1.20634,3801,3954,4535,868,13158,2189,1090741,12269,261,215
2019,37,1.23272,1.2757,3905,4468,5499,959,14831,2221,1162580,13961,228,247
2019,38,1.24529,1.39156,4463,4816,5673,1025,15977,2198,1148137,15825,304,258
2019,39,1.33771,1.49698,4970,5240,6104,1100,17414,2180,1163278,18147,379,249
2019,40,1.49064,1.50415,6218,6591,7658,1448,21915,2896,1456967,20838,188,239
2019,41,1.59269,1.59823,6550,7162,7638,1603,22953,2924,1436150,23214,260,265
2019,42,1.72517,1.73838,7273,7658,8277,1649,24857,2950,1429897,24387,280,314
2019,43,1.83428,1.8605,7892,8385,9349,1793,27419,2980,1473740,26124,475,380
2019,44,2.04049,2.01425,8658,8422,10068,1762,28910,2989,1435277,27014,720,417
2019,45,2.39351,2.36364,10557,9635,12551,1843,34586,3007,1463253,31189,1393,815
2019,46,2.63245,2.64431,11446,10643,13671,1968,37728,2976,1426760,33647,2018,888
2019,47,2.91944,2.97548,12714,12237,17049,2148,44148,2971,1483729,39305,3187,1412
2019,48,3.41066,3.44787,14389,12345,14717,2366,43817,2971,1270842,37757,3444,1623
2019,49,3.2622,3.31577,13839,15872,16389,2777,48877,2977,1474075,45188,4327,2108
2019,50,3.94308,3.86928,14728,16936,21877,2903,56444,2947,1458774,48415,6230,2897
2019,51,5.06529,5.02757,17999,21059,29177,3349,71584,2913,1423829,58494,9981,4716
2019,52,7.06161,7.15315,24097,32255,34004,5401,95757,2905,1338669,68238,12962,7305
2020,1,5.91974,6.22926,21564,36858,23383,6876,88681,2957,1423620,69417,11151,7053
2020,2,4.94176,5.06974,15547,31827,22747,5464,75585,2987,1490905,65248,9316,7567
2020,3,5.33174,5.35782,16587,28774,29657,4728,79746,2983,1488404,65248,9528,9439
2020,4,6.08106,6.0261,18558,31628,35216,4670,90072,2984,1494697,69502,10165,11363
2020,5,6.74724,6.87271,20299,38416,44117,5475,108307,2984,1575900,78348,11061,14610
2020,6,6.7998,7.08261,20270,39826,45491,5702,111289,2994,1571300,77533,9955,15470
2020,7,6.11292,6.22068,17393,35659,36909,5457,95418,2958,1533883,74292,8214,15618
2020,8,5.55671,5.62148,15233,31129,28328,5142,79832,2909,1420123,69556,6497,14661
2020,9,5.12279,5.10226,13817,30398,25487,5107,74809,2934,1466192,66399,4966,13493
2020,10,5.26652,5.28928,13888,32797,26396,5698,78779,2901,1489410,68305,3870,12800
2020,11,5.67081,6.29229,14149,40984,27752,6686,89571,2836,1423503,78031,2983,10341
2020,12,6.38029,7.35285,10790,43296,17512,6986,78584,2798,1068755,75955,1480,4628
2020,13,4.91692,6.22687,5129,33233,8322,6458,53142,2727,853431,46904,336,874
2020,14,3.78625,4.82995,2359,23660,4852,5380,36251,2684,750546,32317,134,238
2020,15,2.80122,3.47366,1496,16038,3426,4014,24974,2686,718953,20596,50,106
2020,16,2.12879,2.57382,1068,11605,2666,2926,18265,2666,709645,15330,37,77
2020,17,1.73315,2.02032,926,9628,2317,2293,15164,2652,750576,13648,12,46
2020,18,1.40932,1.62094,864,7959,2098,1896,12817,2624,790715,11018,11,43
2020,19,1.18336,1.35262,729,6826,1889,1622,11066,2611,818113,9552,17,41
2020,20,1.11451,1.23819,788,6283,1960,1449,10480,2601,846400,8532,13,38
2020,21,1.00534,1.07598,1224,6523,2402,1586,11735,2971,1090638,8078,8,9
2020,22,0.88827,0.885843,805,5450,1898,1461,9614,2950,1085294,6587,4,10
2020,23,0.814062,0.819928,802,5145,1969,1409,9325,2931,1137295,6543,14,9
2020,24,0.836751,0.814575,881,5180,2141,1378,9580,2902,1176074,6069,12,10
2020,25,0.928456,0.950979,1006,6710,2679,1471,11866,2935,1247767,5648,8,12
2020,26,1.14217,1.20306,1216,8890,3491,1902,15499,2896,1288294,5882,7,12
2020,27,1.27401,1.38424,1395,10255,3970,2223,17843,2897,1289006,6459,5,9
2020,28,1.34951,1.47311,1545,11775,4094,2632,20046,2918,1360798,6587,6,7
2020,29,1.34471,1.43761,1658,11091,4075,2436,19260,2894,1339726,6434,12,11
2020,30,1.22153,1.21898,1634,9194,3560,2145,16533,2953,1356301,6302,4,7
2020,31,1.15258,1.15067,1609,8304,3497,2114,15524,2992,1349125,6314,5,3
2020,32,1.0626,1.05662,1570,7338,3271,1938,14117,2956,1336052,6516,4,7
2020,33,0.979884,0.981699,1592,6676,3167,1758,13193,2978,1343895,6253,5,4
2020,34,0.969202,0.961833,1804,6199,3283,1666,12952,2930,1346595,6459,8,6
2020,35,1.00022,0.970543,1866,5853,3951,1489,13159,2967,1355839,8800,13,7
2020,36,0.920817,0.919002,1759,5469,3609,1479,12316,2921,1340149,9120,7,9
2020,37,1.0355,0.978032,1999,5768,3822,1446,13035,2915,1332779,7218,6,8
2020,38,0.974333,0.955677,2070,5864,3628,1487,13049,2943,1365420,8300,18,15
2020,39,1.06462,1.03845,2286,6356,4366,1578,14586,2941,1404590,11820,9,12
2020,40,1.09211,1.08024,2454,7453,4715,1844,16466,3246,1524289,23825,23,22
2020,41,1.21201,1.19451,2558,9027,5239,2320,19144,3318,1602667,27162,34,38
2020,42,1.11151,1.09796,2313,8208,4613,2101,17235,3301,1569727,26512,31,32
2020,43,1.18662,1.15393,2454,8671,4834,2174,18133,3330,1571417,32355,25,34
2020,44,1.25262,1.18924,2512,8834,4916,2292,18554,3421,1560158,40976,35,30
2020,45,1.44427,1.33759,2726,10366,5825,2453,21370,3425,1597645,53687,34,38
2020,46,1.48969,1.37845,2776,11405,5544,2873,22598,3391,1639379,60672,50,45
2020,47,1.56064,1.43236,2692,11780,5342,2895,22709,3334,1585429,58002,58,37
2020,48,1.61944,1.49959,2484,11053,4584,3192,21313,3333,1421255,46506,39,27
2020,49,1.57347,1.44967,2597,11658,4861,3135,22251,3339,1534905,60210,74,36
2020,50,1.51939,1.42617,2504,11586,4692,3321,22103,3358,1549810,58278,79,40
2020,51,1.50599,1.39797,2482,10965,4282,3145,20874,3299,1493163,56096,85,41
2020,52,1.55485,1.45725,2323,10545,3564,3404,19836,3301,1361197,48785,69,36
2020,53,1.58903,1.53781,2583,12239,3933,3668,22423,3280,1458113,51753,76,43
2021,1,1.47519,1.4348,2414,12335,4549,3413,22711,3316,1582870,62535,99,36
2021,2,1.28752,1.2606,2297,9916,3975,2830,19018,3278,1508647,57507,52,30
2021,3,1.25172,1.21098,2566,9186,4056,2542,18350,3315,1515305,52902,63,24
2021,4,1.10177,1.12283,2558,8148,3953,2237,16896,3324,1504764,49673,51,15
2021,5,1.16565,1.08237,2636,7520,4015,1927,16098,3295,1487296,52853,56,25
2021,6,1.00609,0.975086,2552,6225,3730,1572,14079,3246,1443873,51235,37,13
2021,7,0.986101,0.907555,2318,5626,3144,1503,12591,3256,1387354,45839,24,22
2021,8,0.864388,0.860857,2543,5739,3541,1521,13344,3276,1550083,50937,30,20
2021,9,0.828056,0.842356,2771,5342,3540,1347,13000,3278,1543291,48995,17,16
2021,10,0.882103,0.902897,3218,5682,3806,1371,14077,3284,1559093,51129,23,17
2021,11,0.908033,0.939382,3514,5845,3856,1359,14574,3227,1551445,49302,21,31
2021,12,0.947577,0.96011,3817,6268,3915,1354,15354,3201,1599192,50703,17,14
2021,13,0.975225,0.998141,4116,6523,4089,1265,15993,3257,1602279,45775,10,18
2021,14,1.06101,1.07796,4731,7329,4685,1355,18100,3277,1679101,45671,14,11
2021,15,1.08091,1.1089,5227,7648,4907,1383,19165,3282,1728295,45781,15,13
2021,16,1.10326,1.1502,5763,6998,5093,1451,19305,3248,1678407,42965,17,12
2021,17,1.13361,1.1834,6326,6852,5503,1418,20099,3256,1698411,44048,10,17
2021,18,1.14992,1.20915,6822,6419,5401,1288,19930,3227,1648268,40979,16,10
2021,19,1.19092,1.25462,7365,6203,5491,1308,20367,3214,1623366,38431,13,17
2021,20,1.24677,1.26333,8352,6163,5414,1333,21262,3193,1683010,38481,25,24
2021,21,1.14504,1.19095,7953,5580,4967,1175,19675,3141,1652047,33444,23,14
2021,22,1.18454,1.25187,8502,5547,4854,1240,20143,3140,1609033,30684,16,10
2021,23,1.12943,1.14521,8096,5219,4645,1222,19182,3110,1674977,30885,18,10
2021,24,1.18866,1.18174,8503,5293,4594,1189,19579,3068,1656791,30011,12,18
2021,25,1.21202,1.21001,8514,5466,4609,1301,19890,3057,1643793,28656,18,13
2021,26,1.21342,1.21283,8369,5675,4757,1291,20092,3055,1656615,30037,13,4
2021,27,1.26676,1.32905,8719,6835,5309,1508,22371,3055,1683237,31751,10,9
2021,28,1.38728,1.44269,9193,8428,5930,1710,25261,3067,1750965,35189,19,17
2021,29,1.6475,1.70926,10371,10855,7170,2149,30545,3067,1787028,36268,13,7
2021,30,1.80199,1.91065,11132,12863,8572,2628,35195,3050,1842048,39541,12,14
2021,31,1.94952,2.05206,11102,14871,8900,2883,37756,3050,1839909,42408,18,19
2021,32,2.03548,2.15548,11264,15781,10105,2917,40067,3042,1858843,51293,11,12
2021,33,2.1918,2.30581,11801,15752,12275,2893,42721,3029,1852756,55198,11,19
2021,34,2.23897,2.30752,11982,14721,13529,2826,43058,3028,1865986,64227,14,19
2021,35,2.26643,2.25253,11745,13443,13053,2623,40864,3027,1814136,66096,15,25
2021,36,2.21298,2.21275,11705,12821,12250,2645,39421,3021,1781535,57876,10,17
2021,37,2.045,2.00464,11248,11063,11578,2304,36193,3059,1805463,64719,18,21
2021,38,1.90124,1.93759,10916,9618,11380,2062,33976,3037,1753523,60515,17,43
2021,39,1.8442,1.84367,10133,7942,10040,1834,29949,2877,1624427,62328,26,69
2021,40,2.04946,1.96951,13140,10667,13154,2574,39535,3501,2007349,69405,44,133
2021,41,1.95317,1.90695,13072,10095,11985,2486,37638,3510,1973726,65563,42,120
2021,42,1.92693,1.86187,12500,9401,11458,2355,35714,3474,1918176,73707,46,81
2021,43,1.97792,1.89376,12859,9530,11888,2362,36639,3509,1934723,76873,44,156
2021,44,2.14051,2.08777,13304,9898,14454,2374,40030,3515,1917361,81250,42,318
2021,45,2.26691,2.22941,14565,11028,15840,2730,44163,3530,1980931,86362,40,570
2021,46,2.41002,2.35687,14740,12162,17358,2816,47076,3526,1997393,96876,55,1218
2021,47,2.51362,2.45867,14918,11902,13401,3103,43324,3519,1762089,88510,45,1872
2021,48,2.56387,2.56351,15167,16197,17353,4012,52729,3545,2056903,110790,78,3368
2021,49,2.74219,2.71846,14971,16236,19971,3891,55069,3544,2025745,127744,54,5106
2021,50,3.1546,3.09823,16287,18847,23450,3961,62545,3518,2018736,141001,65,8094
2021,51,4.007,4.07867,18515,30330,25073,5307,79225,3496,1942424,160092,81,8549
2021,52,4.89397,5.06901,24109,51812,28952,8989,113862,3455,2246237,190746,115,7610
2022,1,4.29914,4.28066,17044,43541,24738,7939,93262,3487,2178681,217213,76,4764
2022,2,3.50099,3.41579,12223,30565,20214,6181,69183,3499,2025389,196108,74,3628
2022,3,2.77457,2.67796,9492,21191,13268,4547,48498,3503,1811003,156688,73,2921
2022,4,2.05464,1.97776,7309,14459,9526,3516,34810,3485,1760073,128007,53,2314
2022,5,1.66744,1.56091,6082,9449,7748,2552,25831,3415,1654872,96589,45,2078
2022,6,1.43558,1.34542,6395,7571,7610,2155,23731,3474,1763832,91492,49,2490
2022,7,1.48076,1.37085,6917,6728,8500,1801,23946,3474,1746795,85820,67,3096
2022,8,1.46137,1.37026,7057,6454,8330,1768,23609,3472,1722955,79283,35,3312
2022,9,1.57063,1.42301,7423,6872,9830,1676,25801,3470,1813130,78760,46,4224
2022,10,1.69692,1.54683,8210,7011,11085,1771,28077,3485,1815133,77982,55,4804
2022,11,1.83274,1.67881,9042,8116,12124,2077,31359,3454,1867926,76472,52,5559
2022,12,1.88031,1.73443,9302,8307,12648,2166,32423,3449,1869370,80961,37,6184
2022,13,1.99637,1.85462,9613,9143,13660,2406,34822,3443,1877580,80235,117,6344
2022,14,2.10974,1.99404,10562,9845,15187,2550,38144,3453,1912899,84014,36,7371
2022,15,2.18573,2.12964,11336,10706,16095,2829,40966,3446,1923613,83426,30,7652
2022,16,2.21825,2.1833,11734,11487,15748,3117,42086,3457,1927635,86069,55,7134
2022,17,2.31926,2.21509,12070,11696,16372,3282,43420,3426,1960190,91755,44,7033
2022,18,2.38743,2.4143,12835,13010,18631,3323,47799,3394,1979830,95357,52,7538
2022,19,2.5726,2.60892,14243,13978,19989,3815,52025,3376,1994121,99961,66,6904
2022,20,2.46368,2.60434,15055,14445,20746,3835,54081,3414,2076569,100402,28,5835
2022,21,2.39323,2.66831,14561,14177,19982,3665,52385,3351,1963229,97945,40,5383
2022,22,2.42307,2.64646,15809,14644,17507,3903,51863,3345,1959711,92315,47,4359
2022,23,2.15926,2.29329,14154,13595,13726,3765,45240,3342,1972714,90143,36,2875
2022,24,1.98659,2.0741,12858,12606,11205,3581,40250,3302,1940597,85377,45,1953
2022,25,1.87626,1.91807,11865,12412,9933,3620,37830,3355,1972297,83599,41,1281
2022,26,1.80173,1.80208,11066,11527,8513,3460,34566,3237,1918113,83640,38,882
2022,27,1.81325,1.79307,10580,12077,8593,3733,34983,3345,1951013,82859,31,690
2022,28,1.67273,1.66869,9525,11870,8111,3505,33011,3313,1978256,81660,51,564
2022,29,1.65436,1.64913,9361,11702,8116,3432,32611,3313,1977461,83348,42,400
2022,30,1.66503,1.64799,9153,11541,7859,3487,32040,3289,1944189,79396,34,314
2022,31,1.52846,1.5292,8659,10399,7476,3107,29641,3305,1938338,73604,31,301
2022,32,1.51766,1.51741,8329,9620,7813,2880,28642,3198,1887562,67559,29,316
2022,33,1.59458,1.61916,9479,9478,9934,2681,31572,3293,1949894,74372,36,303
2022,34,1.82581,1.81145,10792,9809,12593,2593,35787,3280,1975601,76105,43,395
2022,35,1.9377,1.89564,11524,9650,13887,2452,37513,3260,1978914,76468,39,422
2022,36,2.00147,1.94934,12548,9679,13475,2632,38334,3290,1966513,71329,22,520
2022,37,2.03389,1.97433,13405,9369,14610,2454,39838,3322,2017799,73898,42,584
2022,38,2.27821,2.19998,15939,9582,16713,2492,44726,3334,2033022,78755,75,912
2022,39,2.35649,2.29832,17080,9740,16825,2676,46321,3353,2015431,76858,87,1423
2022,40,2.61257,2.59379,18503,14812,20141,3862,57318,3684,2209814,87378,113,2281
2022,41,3.00763,2.85133,20623,15913,22779,4073,63388,3720,2223106,96578,96,3414
2022,42,3.31975,3.31688,23713,19022,28368,4512,75615,3726,2279700,104832,118,5677
2022,43,4.3682,4.4466,32012,26623,45003,5858,109496,3788,2462467,122300,118,10328
2022,44,5.42144,5.54702,37474,33929,61015,6829,139247,3776,2510305,143938,154,18361
2022,45,5.73522,5.67263,38651,36732,57053,7619,140055,3793,2468962,153634,191,23048
2022,46,5.91793,5.73531,34849,38843,55229,8498,137419,3777,2396019,169233,195,31089
2022,47,7.42531,7.37142,39539,50033,62925,12439,164936,3765,2237505,167755,182,43266
2022,48,7.21822,7.24012,38495,66668,63623,16887,185673,3767,2564503,204193,176,52228
2022,49,6.87034,6.82928,32316,57335,62563,15034,167248,3750,2448985,194313,214,50873
2022,50,6.29772,6.46231,28976,53513,55613,13570,151672,3751,2347026,184276,221,44886
2022,51,6.00293,6.1412,25500,49151,41624,13703,129978,3715,2116491,160849,152,33444
2022,52,5.33838,5.46656,22891,46935,27251,15454,112531,3703,2058533,146862,180,22057
2023,1,3.93482,4.07732,16651,41211,21006,13166,92034,3740,2257219,129706,167,11715
2023,2,2.94564,3.05773,12231,29047,18061,8381,67720,3737,2214718,117524,170,5698
2023,3,2.63811,2.70671,11720,22844,16915,6291,57770,3730,2134322,114284,174,3582
2023,4,2.62522,2.67225,12170,22028,18680,5353,58231,3716,2179097,106389,179,2271
2023,5,2.58477,2.68591,12686,21619,19751,5270,59326,3734,2208786,103324,220,1689
2023,6,2.59148,2.70465,13271,22390,20964,5633,62258,3735,2301891,108042,296,1383
2023,7,2.5701,2.6371,13127,21318,19818,5402,59665,3695,2262519,103307,290,952
2023,8,2.52707,2.58651,13478,19934,18410,5401,57223,3719,2212367,99369,237,863
2023,9,2.4046,2.44348,12693,19618,18281,5090,55682,3725,2278801,97763,263,750
2023,10,2.3571,2.40445,12840,18744,18388,4714,54686,3722,2274369,93282,329,736
2023,11,2.3545,2.43524,13086,18562,17814,4801,54263,3713,2228243,90493,298,585
2023,12,2.31096,2.41343,13043,18971,18685,4695,55394,3665,2295244,88452,353,586
2023,13,2.25771,2.34891,12413,18213,18078,4638,53342,3688,2270922,81788,407,470
2023,14,2.12953,2.20628,11586,16759,15673,4337,48355,3680,2191695,77565,416,496
2023,15,2.01047,2.0726,11151,16405,14832,4337,46725,3665,2254413,66421,391,343
2023,16,1.90776,1.95437,9912,15749,14788,4058,44507,3680,2277306,60834,329,256
2023,17,1.90393,1.97315,10041,15309,15803,3649,44802,3677,2270577,57548,351,284
2023,18,1.93608,2.0174,10013,15507,16115,3947,45582,3652,2259439,56853,365,251
2023,19,1.90846,1.99349,10187,15139,16725,3718,45769,3654,2295923,58343,436,254
2023,20,1.88236,1.96616,9740,14572,15517,3458,43287,3653,2201602,51210,443,251
2023,21,1.83328,1.91398,9389,14026,14611,3490,41516,3518,2169098,47104,361,276
2023,22,1.83857,1.93826,9568,14258,14220,3543,41589,3601,2145684,44996,355,313
2023,23,1.57748,1.69283,8309,13576,11628,3426,36939,3583,2182091,42166,279,299
2023,24,1.48614,1.57462,7741,12736,10223,3180,33880,3589,2151633,38218,236,284
2023,25,1.36472,1.44401,6998,11963,8941,2987,30889,3582,2139112,35289,164,267
2023,26,1.27095,1.32385,6388,11176,8012,2910,28486,3539,2151758,32748,171,307
2023,27,1.22553,1.29091,5944,10412,7475,2817,26648,3569,2064286,32117,135,334
2023,28,1.15793,1.20177,5608,10492,7043,2760,25903,3542,2155400,32835,147,256
2023,29,1.12685,1.19268,5718,10407,6836,2841,25802,3560,2163359,32969,126,276
2023,30,1.16805,1.23085,5812,10612,7046,2947,26417,3551,2146245,33059,159,237
2023,31,1.20299,1.26099,5678,11252,6966,3000,26896,3542,2132922,33901,168,289
2023,32,1.27357,1.35931,5982,12202,7764,3365,29313,3521,2156467,38096,160,242
2023,33,1.44821,1.53965,6688,13575,9759,3641,33663,3533,2186399,42334,173,285
2023,34,1.70391,1.8262,8234,15556,13151,4038,40979,3524,2243946,49362,165,307
2023,35,1.93305,1.97735,8980,16422,14664,4345,44411,3537,2245988,55105,130,343
2023,36,2.00204,2.0246,9546,16440,14159,4589,44734,3538,2209523,57733,154,354
2023,37,1.94047,1.99147,9485,16497,14904,4401,45287,3558,2274050,61604,171,396
2023,38,2.03761,2.13438,10912,16681,16162,4510,48265,3558,2261308,64823,253,454
2023,39,2.08992,2.17945,11376,17233,16110,4550,49269,3552,2260617,64925,247,499
2023,40,2.27793,2.25998,13519,18736,19002,5055,56312,4131,2491698,67997,336,632
2023,41,2.33671,2.31342,14421,19407,18598,5098,57524,4152,2486536,68574,363,841
2023,42,2.52187,2.51544,15720,20281,20305,6196,62502,4137,2484738,70211,403,1029
2023,43,2.7123,2.68556,16987,21563,22514,6712,67776,4163,2523716,72147,475,1186
2023,44,2.94534,2.91432,17798,22930,24808,6696,72232,4157,2478520,80354,669,1852
2023,45,3.40907,3.32776,21464,26770,29464,7761,85459,4153,2568065,95597,1236,3237
2023,46,3.68972,3.5743,22031,29654,30863,8425,90973,4156,2545200,104551,1436,4386
2023,47,3.92848,3.7901,22396,28770,25940,8418,85524,4169,2256510,98994,1515,5182
2023,48,4.03342,3.96247,22647,39494,30362,11208,103711,4142,2617331,122970,1948,7631
2023,49,4.38274,4.35808,23372,41246,38214,11372,114204,4106,2620511,130816,2521,11657
2023,50,5.1835,5.21044,26102,49040,48365,12573,136080,4122,2611680,143910,3725,16960
2023,51,6.22917,6.31311,29797,63398,53512,16629,163336,4093,2587250,160801,5013,24134
2023,52,6.7957,6.90766,31511,71780,41815,21720,166826,4084,2415088,158418,5301,24695
2024,1,5.71368,5.7628,24694,67578,32334,19384,143990,4112,2498612,142841,4041,17072
2024,2,4.65928,4.75417,18158,53525,31411,15396,118490,4110,2492338,135499,4024,15905
2024,3,4.3245,4.35187,16166,43231,29175,11566,100138,4121,2301033,119865,4339,14472
2024,4,4.22931,4.22442,16239,44306,34400,10657,105602,4145,2499800,124781,5630,15493
2024,5,4.41989,4.27929,17275,42036,38582,10061,107954,4127,2522709,128083,7134,14753
2024,6,4.45634,4.40086,17972,43172,41799,10051,112994,4130,2567545,128117,8020,13356
2024,7,4.35464,4.33656,17415,42023,39011,9970,108419,4119,2500114,124347,8160,12147
2024,8,4.33678,4.32509,17663,42612,37153,10184,107612,4111,2488087,122121,8731,11242
2024,9,4.05611,4.08117,17345,41617,36016,9918,104896,4110,2570242,113716,7943,9954
2024,10,3.71978,3.73652,16514,36397,33112,8825,94848,4114,2538404,106944,7409,8691
2024,11,3.39628,3.40044,15886,32183,29174,7746,84989,4053,2499356,100810,6270,6529
2024,12,3.0858,3.15503,15113,29860,26599,7129,78701,4107,2494462,93380,4962,5416
2024,13,2.9714,3.03369,14446,28750,23603,7111,73910,4101,2436307,88957,4180,4569
2024,14,2.76565,2.83173,13934,27311,20522,6787,68554,4076,2420926,83879,3205,3761
2024,15,2.53804,2.59227,13273,25091,19776,6383,64523,4091,2489051,79866,2394,2878
2024,16,2.24764,2.29494,11860,21588,18351,5776,57575,4077,2508779,73480,1745,2250
2024,17,2.19003,2.24404,11399,20539,18208,5293,55439,4050,2470504,71692,1322,1771
2024,18,2.0989,2.1458,11137,19632,17619,5141,53529,4003,2494591,61402,928,1367
2024,19,2.00353,2.04091,10369,18592,16483,5020,50464,4050,2472623,55346,550,990
2024,20,1.97624,2.03567,10406,18216,15798,4991,49411,4007,2427265,53075,403,751
2024,21,1.90643,1.95779,9850,18140,14635,4962,47587,3968,2430650,51458,326,723
2024,22,1.87634,1.92153,9668,16768,13387,4948,44771,3956,2329971,46530,245,736
2024,23,1.66026,1.72595,8276,16583,11489,4907,41255,3928,2390280,44910,196,697
2024,24,1.58147,1.60554,7428,15443,10240,4638,37749,3923,2351169,43227,161,645
2024,25,1.49219,1.54241,6737,15323,9063,4687,35810,3920,2321695,40957,110,557
2024,26,1.46571,1.49584,6273,15168,9106,4689,35236,3868,2355607,39563,75,551
2024,27,1.37621,1.44688,5818,13521,8092,4701,32132,3900,2220776,39053,46,568
2024,28,1.45491,1.44758,6105,15446,8834,4632,35017,3887,2419002,42932,49,541
2024,29,1.45257,1.43204,5727,14771,8338,4663,33499,3872,2339256,42669,41,420
2024,30,1.52184,1.50415,6025,15296,8690,4817,34828,3914,2315454,45337,36,405
2024,31,1.53512,1.4947,6014,15281,8946,4779,35020,3920,2342939,46133,41,387
2024,32,1.53963,1.50488,6283,15087,9110,4610,35090,3910,2331748,47597,32,392
2024,33,1.56538,1.5652,6612,15359,10516,4572,37059,3922,2367690,51516,29,357
2024,34,1.76722,1.75921,7615,16223,13442,4571,41851,3926,2378965,54781,34,343
2024,35,1.93367,1.88884,8439,16779,15731,4733,45682,3924,2418520,60541,41,390
2024,36,1.91961,1.90742,8653,16763,14746,4578,44740,3934,2345581,59354,32,380
2024,37,1.95498,1.90629,8863,17226,15823,4742,46654,3880,2447372,61877,30,430
2024,38,1.95298,1.94745,9500,17066,17207,4768,48541,3944,2492540,62493,41,486
2024,39,1.93519,1.93759,9474,16793,16117,4484,46868,3919,2418875,56656,63,399
2024,40,1.95292,1.86403,10195,17290,17837,4763,50085,4225,2686915,65261,60,575
2024,41,2.07009,1.96397,10775,17848,18690,4709,52022,4233,2648813,68622,56,590
2024,42,2.10609,2.02495,11006,18466,19445,4805,53722,4224,2653009,71690,76,657
2024,43,2.25807,2.16962,12542,19645,22685,5039,59911,4220,2761361,74806,100,889
2024,44,2.36388,2.25205,13403,20600,22175,5054,61232,4154,2718947,73326,98,1144
2024,45,2.53252,2.40823,15071,22068,23493,5402,66034,4180,2742019,68145,97,1333
2024,46,2.7333,2.57757,15936,22677,23815,5467,67895,4143,2634073,61182,105,1448
