YEAR,WEEK,TOTAL SPECIMENS,TOTAL B,TOTAL A
1997,40,1291,0,0
1997,41,1513,0,11
1997,42,1552,1,16
1997,43,1669,0,7
1997,44,1897,0,10
1997,45,2106,0,6
1997,46,2204,1,7
1997,47,2533,1,22
1997,48,2242,1,36
1997,49,2607,1,39
1997,50,3086,2,96
1997,51,3410,0,243
1997,52,3349,0,422
1997,53,4402,1,789
1998,1,5294,3,1019
1998,2,5501,4,1147
1998,3,6196,1,1586
1998,4,6730,1,1888
1998,5,6288,1,1679
1998,6,5867,5,1425
1998,7,4904,4,983
1998,8,3975,4,562
1998,9,3169,3,304
1998,10,2658,6,196
1998,11,2234,5,116
1998,12,2048,6,78
1998,13,1683,7,40
1998,14,1532,6,28
1998,15,1357,12,27
1998,16,1421,4,17
1998,17,1236,6,10
1998,18,1142,5,11
1998,19,1038,4,5
1998,20,938,7,2
1998,21,0,0,0
1998,22,0,0,0
1998,23,0,0,0
1998,24,0,0,0
1998,25,0,0,0
1998,26,0,0,0
1998,27,0,0,0
1998,28,0,0,0
1998,29,0,0,0
1998,30,0,0,0
1998,31,0,0,0
1998,32,0,0,0
1998,33,0,0,0
1998,34,0,0,0
1998,35,0,0,0
1998,36,0,0,0
1998,37,0,0,0
1998,38,0,0,0
1998,39,0,0,0
1998,40,1407,0,2
1998,41,1453,0,5
1998,42,1654,0,3
1998,43,1814,5,1
1998,44,2051,0,18
1998,45,2222,4,10
1998,46,2051,4,4
1998,47,1809,8,9
1998,48,2397,11,17
1998,49,2432,21,24
1998,50,2428,14,28
1998,51,2207,27,56
1998,52,2706,31,129
1999,1,3524,76,255
1999,2,3889,111,463
1999,3,4262,153,712
1999,4,5210,269,881
1999,5,6143,400,1278
1999,6,6574,407,1453
1999,7,6723,379,1336
1999,8,6616,366,1303
1999,9,5933,334,1053
1999,10,4289,216,667
1999,11,4014,176,451
1999,12,3242,121,343
1999,13,2712,61,163
1999,14,2222,38,138
1999,15,1721,20,91
1999,16,1368,8,28
1999,17,1108,3,25
1999,18,982,4,13
1999,19,801,4,5
1999,20,618,1,6
1999,21,239,0,7
1999,22,97,0,1
1999,23,20,0,0
1999,24,0,0,0
1999,25,0,0,0
1999,26,0,0,0
1999,27,0,0,0
1999,28,0,0,0
1999,29,0,0,0
1999,30,0,0,0
1999,31,0,0,0
1999,32,0,0,0
1999,33,0,0,0
1999,34,0,0,0
1999,35,0,0,0
1999,36,0,0,0
1999,37,0,0,0
1999,38,0,0,0
1999,39,0,0,0
1999,40,1687,0,18
1999,41,1883,1,19
1999,42,2097,3,44
1999,43,2162,0,57
1999,44,2454,2,94
1999,45,2576,0,148
1999,46,2862,0,231
1999,47,2709,1,285
1999,48,3845,0,527
1999,49,4422,1,844
1999,50,5597,4,1302
1999,51,5575,1,1725
1999,52,7323,4,2147
2000,1,8423,1,2102
2000,2,7722,2,1643
2000,3,6242,3,1041
2000,4,5482,5,690
2000,5,4550,1,484
2000,6,4059,4,408
2000,7,3523,6,257
2000,8,3142,9,191
2000,9,2698,5,95
2000,10,2195,6,69
2000,11,1960,5,48
2000,12,1879,3,30
2000,13,1708,3,18
2000,14,1506,4,15
2000,15,1294,5,17
2000,16,1212,5,18
2000,17,1108,4,12
2000,18,1061,6,4
2000,19,947,1,1
2000,20,865,2,0
2000,21,772,2,4
2000,22,620,0,3
2000,23,666,2,1
2000,24,680,1,0
2000,25,565,0,0
2000,26,551,1,0
2000,27,26,0,0
2000,28,41,0,0
2000,29,28,0,0
2000,30,5,0,0
2000,31,1,0,0
2000,32,0,0,0
2000,33,0,0,0
2000,34,0,0,0
2000,35,0,0,0
2000,36,0,0,0
2000,37,0,0,0
2000,38,0,0,0
2000,39,0,0,0
2000,40,1387,1,0
2000,41,1490,0,4
2000,42,1691,2,2
2000,43,1683,2,12
2000,44,1964,3,13
2000,45,1862,7,30
2000,46,2183,13,30
2000,47,2201,24,53
2000,48,2505,36,62
2000,49,2841,41,120
2000,50,3275,55,171
2000,51,3370,103,291
2000,52,3310,132,327
2001,1,3821,167,344
2001,2,4563,275,537
2001,3,5121,373,759
2001,4,5729,489,841
2001,5,5914,524,714
2001,6,5619,587,480
2001,7,4920,470,289
2001,8,4571,437,200
2001,9,4321,377,118
2001,10,3793,197,76
2001,11,3368,152,47
2001,12,3132,153,28
2001,13,2788,96,26
2001,14,2386,68,10
2001,15,2020,37,8
2001,16,1825,44,3
2001,17,1640,21,0
2001,18,1528,8,1
2001,19,1359,6,1
2001,20,1317,9,0
2001,21,1125,0,1
2001,22,977,0,2
2001,23,523,0,1
2001,24,38,0,1
2001,25,50,0,0
2001,26,52,0,0
2001,27,23,0,0
2001,28,37,0,0
2001,29,22,0,0
2001,30,26,0,0
2001,31,24,0,0
2001,32,24,0,0
2001,33,43,0,0
2001,34,34,0,0
2001,35,16,0,0
2001,36,19,0,0
2001,37,9,0,0
2001,38,7,0,0
2001,39,0,0,0
2001,40,1154,1,7
2001,41,1415,0,5
2001,42,1468,0,8
2001,43,1583,0,17
2001,44,1704,0,13
2001,45,1843,0,13
2001,46,2096,1,45
2001,47,2052,3,30
2001,48,2401,1,73
2001,49,2331,5,78
2001,50,2434,2,110
2001,51,2915,4,165
2001,52,2621,1,219
2002,1,3531,2,342
2002,2,3900,6,534
2002,3,4696,5,922
2002,4,5816,12,1231
2002,5,6466,24,1450
2002,6,7191,19,1620
2002,7,7572,28,1779
2002,8,7358,68,1765
2002,9,6217,86,1339
2002,10,5368,136,1001
2002,11,4337,166,637
2002,12,3763,210,359
2002,13,3332,284,174
2002,14,2660,235,95
2002,15,2329,192,61
2002,16,2001,226,36
2002,17,1820,138,18
2002,18,1643,149,19
2002,19,1655,140,5
2002,20,1467,86,2
2002,21,1302,61,3
2002,22,995,34,2
2002,23,948,25,1
2002,24,850,7,0
2002,25,692,2,0
2002,26,700,4,0
2002,27,490,2,0
2002,28,591,1,0
2002,29,578,0,0
2002,30,601,1,1
2002,31,530,0,0
2002,32,566,0,0
2002,33,516,0,0
2002,34,533,0,0
2002,35,588,1,0
2002,36,482,0,0
2002,37,561,0,0
2002,38,475,1,2
2002,39,391,2,0
2002,40,1443,0,0
2002,41,1517,1,2
2002,42,1590,0,0
2002,43,1774,1,5
2002,44,1636,3,3
2002,45,1988,3,2
2002,46,2107,4,6
2002,47,2091,16,6
2002,48,1900,6,9
2002,49,2414,28,12
2002,50,2493,73,24
2002,51,2910,146,45
2002,52,2368,119,41
2003,1,2632,82,66
2003,2,2828,134,115
2003,3,3108,202,155
2003,4,3352,276,271
2003,5,4166,413,441
2003,6,4874,598,687
2003,7,4676,517,667
2003,8,4416,368,628
2003,9,4348,357,609
2003,10,3633,214,465
2003,11,3422,175,411
2003,12,3435,124,379
2003,13,2820,71,210
2003,14,2352,41,160
2003,15,2131,16,94
2003,16,1777,23,66
2003,17,1406,11,47
2003,18,1222,20,48
2003,19,1121,10,18
2003,20,931,6,13
2003,21,872,7,9
2003,22,705,4,2
2003,23,721,8,5
2003,24,683,4,3
2003,25,551,2,2
2003,26,439,0,2
2003,27,643,0,1
2003,28,632,0,3
2003,29,697,0,4
2003,30,636,0,4
2003,31,632,1,7
2003,32,632,0,2
2003,33,761,0,3
2003,34,649,0,0
2003,35,672,0,0
2003,36,512,0,2
2003,37,604,0,1
2003,38,535,0,2
2003,39,414,0,0
2003,40,1430,1,21
2003,41,1682,0,77
2003,42,2176,1,252
2003,43,2568,4,454
2003,44,2753,0,535
2003,45,3553,3,859
2003,46,4595,2,1289
2003,47,5942,8,1960
2003,48,6479,10,2241
2003,49,9598,32,3237
2003,50,12422,29,4061
2003,51,11783,20,3609
2003,52,9748,16,2395
2003,53,8461,12,1689
2004,1,6936,9,853
2004,2,5411,5,500
2004,3,4329,3,257
2004,4,4166,3,163
2004,5,3661,2,105
2004,6,3530,5,60
2004,7,3136,8,48
2004,8,2559,12,26
2004,9,2651,8,10
2004,10,2369,6,8
2004,11,2239,2,11
2004,12,1801,15,9
2004,13,1850,9,8
2004,14,1778,8,1
2004,15,1564,12,3
2004,16,1449,11,13
2004,17,1377,7,4
2004,18,1298,6,3
2004,19,1241,2,0
2004,20,1105,3,1
2004,21,1055,3,3
2004,22,823,4,2
2004,23,793,2,1
2004,24,844,2,0
2004,25,741,1,2
2004,26,730,2,1
2004,27,573,1,0
2004,28,746,2,0
2004,29,563,2,0
2004,30,671,0,0
2004,31,628,1,1
2004,32,620,0,1
2004,33,647,1,0
2004,34,823,1,3
2004,35,827,0,4
2004,36,822,3,0
2004,37,907,2,5
2004,38,890,1,3
2004,39,919,2,12
2004,40,1860,4,8
2004,41,2154,1,13
2004,42,2412,11,28
2004,43,2620,7,25
2004,44,2771,16,29
2004,45,3074,24,38
2004,46,3310,21,71
2004,47,3111,21,40
2004,48,3826,32,105
2004,49,3846,32,161
2004,50,4359,45,241
2004,51,4509,54,477
2004,52,5807,123,850
2005,1,6921,166,1119
2005,2,6646,182,944
2005,3,6948,212,1271
2005,4,8010,306,1560
2005,5,8654,424,1901
2005,6,9684,478,2093
2005,7,10586,613,2092
2005,8,9710,618,1660
2005,9,8511,520,1178
2005,10,7580,418,798
2005,11,6540,471,637
2005,12,5928,463,406
2005,13,5134,343,224
2005,14,3894,212,143
2005,15,3339,123,53
2005,16,2933,75,48
2005,17,2570,42,27
2005,18,2250,33,18
2005,19,2136,19,18
2005,20,1889,16,23
2005,21,1809,19,12
2005,22,1682,15,8
2005,23,1576,8,4
2005,24,1514,10,5
2005,25,1229,5,6
2005,26,1215,1,6
2005,27,1073,4,1
2005,28,991,2,0
2005,29,983,2,1
2005,30,1124,1,1
2005,31,1018,0,0
2005,32,964,0,4
2005,33,989,0,6
2005,34,1016,0,4
2005,35,1054,1,5
2005,36,1031,0,1
2005,37,1099,1,4
2005,38,1280,0,2
2005,39,1421,1,6
2005,40,1894,1,10
2005,41,2191,2,10
2005,42,2349,5,20
2005,43,2780,2,12
2005,44,2890,3,20
2005,45,3320,7,36
2005,46,3861,4,43
2005,47,3268,3,49
2005,48,4056,2,114
2005,49,3863,8,206
2005,50,4618,5,394
2005,51,5418,11,680
2005,52,5829,23,763
2006,1,6417,24,728
2006,2,6378,22,821
2006,3,6255,29,854
2006,4,6732,33,1026
2006,5,7029,74,1099
2006,6,7226,142,1155
2006,7,8105,184,1402
2006,8,7948,242,1383
2006,9,7978,396,1406
2006,10,7819,408,1346
2006,11,6995,441,940
2006,12,6444,432,758
2006,13,5424,438,537
2006,14,4459,312,293
2006,15,4032,241,217
2006,16,3499,218,128
2006,17,2675,135,65
2006,18,2516,128,67
2006,19,2453,116,61
2006,20,2399,87,48
2006,21,2058,93,37
2006,22,1663,50,28
2006,23,1444,38,17
2006,24,1267,11,14
2006,25,1178,10,4
2006,26,1017,6,6
2006,27,907,2,6
2006,28,914,0,7
2006,29,917,2,9
2006,30,863,2,15
2006,31,943,1,19
2006,32,899,2,10
2006,33,862,2,10
2006,34,898,3,12
2006,35,907,4,13
2006,36,881,0,13
2006,37,1067,1,30
2006,38,996,2,33
2006,39,971,3,26
2006,40,2309,15,41
2006,41,2502,9,58
2006,42,2900,22,58
2006,43,3237,23,61
2006,44,3765,42,101
2006,45,4262,43,112
2006,46,4525,32,101
2006,47,4538,28,133
2006,48,5642,54,155
2006,49,5805,62,202
2006,50,6686,120,421
2006,51,7083,133,596
2006,52,6777,123,581
2007,1,6711,86,382
2007,2,6430,86,508
2007,3,6200,80,638
2007,4,7200,154,1156
2007,5,8261,203,1646
2007,6,8986,411,2121
2007,7,9780,416,2107
2007,8,9947,526,1841
2007,9,8634,550,1399
2007,10,7848,470,1119
2007,11,6928,430,923
2007,12,6460,369,721
2007,13,5558,211,554
2007,14,4698,156,362
2007,15,4243,140,375
2007,16,3857,81,292
2007,17,3015,68,226
2007,18,3006,56,147
2007,19,2531,38,88
2007,20,2341,27,65
2007,21,1944,14,70
2007,22,1696,9,21
2007,23,1670,4,16
2007,24,1529,7,19
2007,25,1300,2,6
2007,26,1278,4,11
2007,27,1121,5,13
2007,28,1195,2,21
2007,29,1154,1,15
2007,30,1165,2,35
2007,31,1217,2,22
2007,32,1157,4,30
2007,33,1120,0,19
2007,34,1170,1,22
2007,35,1204,7,23
2007,36,1093,0,24
2007,37,1228,7,23
2007,38,954,3,27
2007,39,1052,0,20
2007,40,2382,5,39
2007,41,2534,0,44
2007,42,2953,2,46
2007,43,3179,5,45
2007,44,3575,11,63
2007,45,3797,11,74
2007,46,4131,2,85
2007,47,4040,13,127
2007,48,4855,14,147
2007,49,4909,22,158
2007,50,5157,26,189
2007,51,5877,51,263
2007,52,6269,86,362
2008,1,6829,107,477
2008,2,7383,163,840
2008,3,7814,209,1104
2008,4,9474,342,1810
2008,5,13459,660,3171
2008,6,15342,930,3941
2008,7,15171,1085,3742
2008,8,17359,1383,3894
2008,9,16097,1412,3039
2008,10,15181,1387,2208
2008,11,11648,1095,1469
2008,12,9498,903,1034
2008,13,7800,777,610
2008,14,6183,511,388
2008,15,5285,416,206
2008,16,4103,234,115
2008,17,3556,131,60
2008,18,2724,79,47
2008,19,2539,43,22
2008,20,2414,20,18
2008,21,2115,15,14
2008,22,1927,10,9
2008,23,1850,5,12
2008,24,1502,7,5
2008,25,1467,2,5
2008,26,1325,6,0
2008,27,1203,3,1
2008,28,1269,4,2
2008,29,1203,2,2
2008,30,1163,0,10
2008,31,1125,4,3
2008,32,1102,1,6
2008,33,1053,1,0
2008,34,1090,3,3
2008,35,1271,3,2
2008,36,1336,0,6
2008,37,1562,2,9
2008,38,1886,3,17
2008,39,2009,2,10
2008,40,2759,6,11
2008,41,2874,6,17
2008,42,2937,6,31
2008,43,3434,15,46
2008,44,3545,6,37
2008,45,4154,12,59
2008,46,4418,12,50
2008,47,4739,26,58
2008,48,4836,20,89
2008,49,5598,18,109
2008,50,5989,42,147
2008,51,6301,60,213
2008,52,6031,45,240
2008,53,6592,50,315
2009,1,6981,79,510
2009,2,6995,103,657
2009,3,7943,190,1085
2009,4,9484,381,1588
2009,5,11707,687,2115
2009,6,12691,947,2260
2009,7,11741,931,1982
2009,8,11912,1152,1771
2009,9,10970,1168,1503
2009,10,9595,1062,1085
2009,11,8628,919,854
2009,12,7343,631,598
2009,13,5778,472,327
2009,14,5095,276,267
2009,15,4674,185,151
2009,16,4219,113,211
2009,17,36203,800,3712
2009,18,34659,486,4721
2009,19,16820,134,2908
2009,20,15410,93,4035
2009,21,13483,42,4473
2009,22,13553,24,5327
2009,23,13762,15,5712
2009,24,14264,9,6131
2009,25,12117,6,4378
2009,26,10913,7,3461
2009,27,10713,7,3425
2009,28,9808,3,2698
2009,29,8646,3,2341
2009,30,9184,4,2527
2009,31,8424,2,1992
2009,32,8572,5,1928
2009,33,10003,1,2436
2009,34,11636,15,2548
2009,35,13008,1,2898
2009,36,14896,10,3566
2009,37,16682,4,4265
2009,38,16820,11,4529
2009,39,15419,12,4919
2009,40,23980,21,8021
2009,41,29005,18,10881
2009,42,31511,32,12377
2009,43,28104,17,9981
2009,44,24986,24,7703
2009,45,21788,14,6002
2009,46,18493,12,3616
2009,47,13301,5,1932
2009,48,13134,30,1380
2009,49,11364,16,852
2009,50,10494,13,663
2009,51,8622,4,423
2009,52,9617,9,459
2010,1,9456,11,368
2010,2,8753,11,406
2010,3,8468,1,476
2010,4,8378,9,419
2010,5,8243,10,415
2010,6,8099,9,360
2010,7,8375,7,393
2010,8,8074,3,435
2010,9,7514,6,455
2010,10,7502,13,483
2010,11,6485,4,366
2010,12,5654,11,239
2010,13,5246,6,222
2010,14,4716,1,129
2010,15,4095,8,76
2010,16,3740,13,34
2010,17,3660,4,22
2010,18,3117,3,22
2010,19,2891,4,14
2010,20,2903,3,12
2010,21,2689,2,3
2010,22,2136,2,4
2010,23,2163,3,3
2010,24,2033,3,6
2010,25,1987,0,8
2010,26,1820,1,3
2010,27,1636,0,5
2010,28,1620,2,9
2010,29,1606,3,5
2010,30,1686,5,18
2010,31,1520,1,15
2010,32,1676,10,19
2010,33,1790,3,16
2010,34,1967,6,34
2010,35,2212,4,24
2010,36,2336,4,32
2010,37,2698,6,44
2010,38,2960,9,39
2010,39,2988,10,30
2010,40,3600,23,54
2010,41,4006,36,92
2010,42,4112,45,94
2010,43,4240,52,114
2010,44,4608,106,141
2010,45,5377,163,187
2010,46,5578,237,250
2010,47,5533,265,322
2010,48,5975,260,337
2010,49,6361,310,533
2010,50,7692,542,908
2010,51,8172,689,1357
2010,52,9030,648,1724
2011,1,10441,572,2056
2011,2,10190,585,2399
2011,3,11067,741,2969
2011,4,12950,972,3475
2011,5,13875,1127,3785
2011,6,14647,1177,3900
2011,7,16401,1354,4362
2011,8,15033,1204,3453
2011,9,12990,884,2689
2011,10,11625,691,2075
2011,11,9860,563,1437
2011,12,8443,406,955
2011,13,7107,293,617
2011,14,6481,254,382
2011,15,5615,159,241
2011,16,4642,86,119
2011,17,3976,63,70
2011,18,3611,25,44
2011,19,3271,15,21
2011,20,3079,13,13
2011,21,2705,5,13
2011,22,2442,6,7
2011,23,2259,4,2
2011,24,2109,0,9
2011,25,1967,3,2
2011,26,1560,1,3
2011,27,1498,1,4
2011,28,1500,4,5
2011,29,1500,5,5
2011,30,1307,1,3
2011,31,1428,3,8
2011,32,1433,2,11
2011,33,1506,3,13
2011,34,1705,6,11
2011,35,1925,1,14
2011,36,2056,2,11
2011,37,2326,4,17
2011,38,2612,8,13
2011,39,2920,6,29
2011,40,3192,9,24
2011,41,3316,8,11
2011,42,3425,8,20
2011,43,3749,12,32
2011,44,4075,9,30
2011,45,4326,15,34
2011,46,4580,12,32
2011,47,4108,19,56
2011,48,4669,17,55
2011,49,4710,20,88
2011,50,4906,20,113
2011,51,5151,24,173
2011,52,5470,18,164
2012,1,5690,22,161
2012,2,5341,15,220
2012,3,5364,18,302
2012,4,5840,32,441
2012,5,6251,43,637
2012,6,6413,56,753
2012,7,7298,71,1012
2012,8,7596,78,1365
2012,9,8485,112,1909
2012,10,8459,123,2261
2012,11,8822,199,2511
2012,12,7974,237,1958
2012,13,7450,244,1362
2012,14,6695,275,1203
2012,15,6304,298,991
2012,16,5689,314,860
2012,17,4980,274,586
2012,18,4522,252,471
2012,19,4061,266,350
2012,20,3811,254,254
2012,21,3729,260,156
2012,22,3347,228,137
2012,23,3055,197,96
2012,24,2898,179,110
2012,25,2529,103,68
2012,26,2255,113,39
2012,27,1970,59,34
2012,28,2052,41,53
2012,29,2100,48,29
2012,30,2048,32,73
2012,31,2161,33,172
2012,32,2294,25,148
2012,33,2501,27,141
2012,34,2705,23,90
2012,35,2746,19,65
2012,36,2914,32,57
2012,37,3280,44,29
2012,38,3501,42,66
2012,39,3649,64,67
2012,40,4513,78,93
2012,41,4914,95,98
2012,42,5249,122,183
2012,43,5306,141,207
2012,44,5406,154,271
2012,45,6446,231,398
2012,46,6721,267,631
2012,47,7433,364,1005
2012,48,9333,503,1586
2012,49,12060,693,2829
2012,50,14711,856,3941
2012,51,16904,1154,5177
2012,52,18139,1199,5671
2013,1,19673,1146,5798
2013,2,22224,1237,6365
2013,3,20931,1142,5251
2013,4,18668,1189,4332
2013,5,16228,1158,3146
2013,6,14491,1188,2106
2013,7,12691,1194,1456
2013,8,11354,1225,1050
2013,9,10504,1181,786
2013,10,10165,1204,617
2013,11,9559,1155,462
2013,12,8647,1017,359
2013,13,7722,853,263
2013,14,6782,687,258
2013,15,6198,489,182
2013,16,5575,332,156
2013,17,5095,249,142
2013,18,4919,222,102
2013,19,4473,166,76
2013,20,4102,126,57
2013,21,4097,123,56
2013,22,3587,95,56
2013,23,3576,82,56
2013,24,3254,63,65
2013,25,3227,55,74
2013,26,2999,28,69
2013,27,2579,25,59
2013,28,2653,14,86
2013,29,2504,14,60
2013,30,2316,10,58
2013,31,2549,20,69
2013,32,2494,12,66
2013,33,2304,12,52
2013,34,2560,3,57
2013,35,3006,10,113
2013,36,3148,13,102
2013,37,3602,7,115
2013,38,3888,22,102
2013,39,4596,20,168
2013,40,4911,28,166
2013,41,5808,32,197
2013,42,5801,26,159
2013,43,5886,14,194
2013,44,6316,43,250
2013,45,6945,43,357
2013,46,7203,37,481
2013,47,7839,57,660
2013,48,7433,42,856
2013,49,10169,69,1650
2013,50,10837,52,2201
2013,51,14015,67,3888
2013,52,15748,93,4800
2014,1,17779,88,5099
2014,2,18253,91,4966
2014,3,17480,131,4549
2014,4,16468,185,3817
2014,5,14618,175,2815
2014,6,12995,219,2258
2014,7,11892,227,1724
2014,8,11127,248,1270
2014,9,10252,274,944
2014,10,9441,301,722
2014,11,8922,334,652
2014,12,8216,464,566
2014,13,7905,525,528
2014,14,7531,595,498
2014,15,7179,624,450
2014,16,6648,516,396
2014,17,6317,469,355
2014,18,5865,447,295
2014,19,5436,354,243
2014,20,5315,322,229
2014,21,4833,236,171
2014,22,4757,225,198
2014,23,4310,160,151
2014,24,4140,140,154
2014,25,3877,113,115
2014,26,3434,100,74
2014,27,3144,83,75
2014,28,3057,66,87
2014,29,3188,61,60
2014,30,3127,50,67
2014,31,2939,27,80
2014,32,2973,23,65
2014,33,3270,36,76
2014,34,3339,42,68
2014,35,3973,42,94
2014,36,4227,34,83
2014,37,5324,31,100
2014,38,5681,53,118
2014,39,5905,65,139
2014,40,9567,110,199
2014,41,11036,160,279
2014,42,11729,164,420
2014,43,11385,127,417
2014,44,11531,136,591
2014,45,12918,155,1001
2014,46,13777,147,1270
2014,47,16166,163,2240
2014,48,18504,200,3424
2014,49,23068,249,5081
2014,50,29223,315,7876
2014,51,37114,325,11145
2014,52,42518,392,13406
2014,53,41550,409,10965
2015,1,38508,372,8874
2015,2,35598,473,8175
2015,3,34194,548,7435
2015,4,32003,606,6275
2015,5,29581,723,4899
2015,6,26994,869,3328
2015,7,24293,1010,2360
2015,8,22294,1127,1712
2015,9,20420,1352,1337
2015,10,19845,1656,871
2015,11,18419,1565,644
2015,12,16980,1479,431
2015,13,15125,1377,291
2015,14,14743,1272,202
2015,15,13389,969,158
2015,16,11873,683,90
2015,17,10770,544,66
2015,18,9784,494,33
2015,19,9188,340,44
2015,20,8412,267,41
2015,21,7748,184,42
2015,22,6993,152,42
2015,23,6725,129,49
2015,24,6133,78,74
2015,25,5558,46,75
2015,26,5248,33,96
2015,27,5260,36,63
2015,28,5039,37,49
2015,29,4811,21,52
2015,30,4785,9,64
2015,31,4790,18,75
2015,32,4910,14,67
2015,33,5170,16,82
2015,34,5381,20,80
2015,35,6115,29,110
2015,36,6786,38,110
2015,37,7694,47,151
2015,38,8855,46,121
2015,39,9876,59,143
2015,40,13168,54,155
2015,41,14263,64,164
2015,42,14639,65,158
2015,43,14781,66,142
2015,44,16152,82,128
2015,45,16441,102,168
2015,46,16708,106,144
2015,47,16391,108,160
2015,48,17751,105,211
2015,49,18191,130,218
2015,50,18833,225,352
2015,51,18123,209,343
2015,52,20350,257,467
2016,1,21627,262,698
2016,2,20437,354,921
2016,3,20744,468,1190
2016,4,23359,641,1736
2016,5,24988,890,2428
2016,6,28136,1302,3409
2016,7,31106,1683,4750
2016,8,35517,2030,6342
2016,9,38567,2330,7754
2016,10,41876,2759,9212
2016,11,38344,2407,6798
2016,12,33518,2161,5194
2016,13,30674,2060,3985
2016,14,26382,1832,2673
2016,15,23773,1762,2022
2016,16,21676,1736,1542
2016,17,19461,1434,971
2016,18,16505,1037,565
2016,19,15109,822,397
2016,20,13361,613,340
2016,21,12230,492,201
2016,22,10549,299,100
2016,23,9636,244,91
2016,24,8788,116,84
2016,25,7737,113,71
2016,26,6623,70,50
2016,27,6249,49,44
2016,28,6619,47,47
2016,29,6185,40,45
2016,30,6054,39,61
2016,31,6026,25,84
2016,32,6124,46,66
2016,33,6350,32,61
2016,34,6628,35,96
2016,35,7501,52,118
2016,36,8132,66,105
2016,37,9280,78,139
2016,38,10040,83,180
2016,39,11292,99,185
2016,40,14278,100,216
2016,41,15023,99,200
2016,42,16250,116,263
2016,43,16480,100,287
2016,44,17948,138,338
2016,45,19086,133,432
2016,46,20411,165,547
2016,47,19618,186,634
2016,48,23255,223,874
2016,49,22444,210,1192
2016,50,25720,271,2136
2016,51,29439,423,3619
2016,52,36560,497,6009
2017,1,38960,512,6421
2017,2,39546,626,7224
2017,3,41010,854,8396
2017,4,42620,1021,8761
2017,5,46521,1425,10456
2017,6,53516,2303,12771
2017,7,54691,3108,12248
2017,8,52446,3557,11226
2017,9,44426,2998,7164
2017,10,42112,3419,5953
2017,11,39836,3876,4743
2017,12,38400,4555,4099
2017,13,35530,4595,3030
2017,14,31021,3686,1838
2017,15,26720,2813,1129
2017,16,23640,1960,724
2017,17,20099,1227,468
2017,18,17267,911,342
2017,19,16191,775,334
2017,20,15080,659,285
2017,21,13461,507,227
2017,22,12194,442,211
2017,23,11119,329,174
2017,24,9966,227,183
2017,25,8843,167,152
2017,26,7859,128,139
2017,27,7366,97,114
2017,28,7741,93,129
2017,29,7532,61,130
2017,30,7122,75,114
2017,31,7110,46,150
2017,32,7266,82,126
2017,33,7949,50,102
2017,34,8570,57,142
2017,35,9890,69,203
2017,36,10850,84,247
2017,37,12321,105,265
2017,38,13529,104,260
2017,39,14583,90,309
2017,40,16573,133,370
2017,41,17636,121,413
2017,42,19061,124,465
2017,43,19864,170,570
2017,44,21606,275,791
2017,45,23440,289,1034
2017,46,25670,417,1402
2017,47,25441,428,1869
2017,48,29582,572,2412
2017,49,33552,977,3610
2017,50,38752,1093,6223
2017,51,52824,2073,11987
2017,52,60942,2599,15294
2018,1,67726,3208,16672
2018,2,75195,3985,18948
2018,3,75417,4677,17965
2018,4,87245,6357,19961
2018,5,88743,8116,18270
2018,6,87883,9231,16732
2018,7,80481,9507,13401
2018,8,64580,7652,8575
2018,9,52069,5550,5251
2018,10,44035,4440,3477
2018,11,39323,4170,2839
2018,12,35690,3751,2387
2018,13,32633,3551,2068
2018,14,29245,2868,1422
2018,15,26533,2308,1106
2018,16,22657,1723,732
2018,17,20356,1293,582
2018,18,17926,898,419
2018,19,15577,549,227
2018,20,13477,279,202
2018,21,12143,195,143
2018,22,11054,104,89
2018,23,9989,95,83
2018,24,9212,78,60
2018,25,8715,47,54
2018,26,7920,30,65
2018,27,7010,32,58
2018,28,7162,19,68
2018,29,7009,24,77
2018,30,6976,21,64
2018,31,6477,18,63
2018,32,6954,25,62
2018,33,7246,21,56
2018,34,8042,29,120
2018,35,8970,35,114
2018,36,10137,54,153
2018,37,12476,54,198
2018,38,13717,71,199
2018,39,15324,55,202
2018,40,17329,89,266
2018,41,18953,96,294
2018,42,21331,108,399
2018,43,22570,117,454
2018,44,23743,109,500
2018,45,24902,114,705
2018,46,25945,111,869
2018,47,25901,84,1176
2018,48,30032,120,1404
2018,49,30806,169,2125
2018,50,35352,210,4103
2018,51,41097,229,6731
2018,52,45945,279,8479
2019,1,47354,184,6892
2019,2,44893,254,6838
2019,3,45371,229,8635
2019,4,47747,294,10502
2019,5,52806,346,13235
2019,6,58925,476,16307
2019,7,58042,585,16425
2019,8,58848,575,16769
2019,9,58209,523,16679
2019,10,58090,564,16390
2019,11,57885,707,16301
2019,12,52587,767,12510
2019,13,45852,794,9284
2019,14,39381,783,6136
2019,15,33865,722,4097
2019,16,29493,612,2384
2019,17,25962,533,1341
2019,18,21210,402,863
2019,19,18582,349,557
2019,20,17801,327,461
2019,21,16227,293,376
2019,22,14942,287,294
2019,23,13119,260,227
2019,24,11838,162,214
2019,25,10857,112,182
2019,26,9519,116,164
2019,27,9215,103,202
2019,28,9476,93,155
2019,29,8662,91,176
2019,30,8247,99,154
2019,31,8217,98,150
2019,32,8375,104,119
2019,33,8654,133,135
2019,34,9248,150,152
2019,35,10877,256,194
2019,36,12269,261,215
2019,37,13961,228,247
2019,38,15825,304,258
2019,39,18147,379,249
2019,40,20838,188,239
2019,41,23214,260,265
2019,42,24387,280,314
2019,43,26124,475,380
2019,44,27014,720,417
2019,45,31189,1393,815
2019,46,33647,2018,888
2019,47,39305,3187,1412
2019,48,37757,3444,1623
2019,49,45188,4327,2108
2019,50,48415,6230,2897
2019,51,58494,9981,4716
2019,52,68238,12962,7305
2020,1,69417,11151,7053
2020,2,65248,9316,7567
2020,3,65248,9528,9439
2020,4,69502,10165,11363
2020,5,78348,11061,14610
2020,6,77533,9955,15470
2020,7,74292,8214,15618
2020,8,69556,6497,14661
2020,9,66399,4966,13493
2020,10,68305,3870,12800
2020,11,78031,2983,10341
2020,12,75955,1480,4628
2020,13,46904,336,874
2020,14,32317,134,238
2020,15,20596,50,106
2020,16,15330,37,77
2020,17,13648,12,46
2020,18,11018,11,43
2020,19,9552,17,41
2020,20,8532,13,38
2020,21,8078,8,9
2020,22,6587,4,10
2020,23,6543,14,9
2020,24,6069,12,10
2020,25,5648,8,12
2020,26,5882,7,12
2020,27,6459,5,9
2020,28,6587,6,7
2020,29,6434,12,11
2020,30,6302,4,7
2020,31,6314,5,3
2020,32,6516,4,7
2020,33,6253,5,4
2020,34,6459,8,6
2020,35,8800,13,7
2020,36,9120,7,9
2020,37,7218,6,8
2020,38,8300,18,15
2020,39,11820,9,12
2020,40,23825,23,22
2020,41,27162,34,38
2020,42,26512,31,32
2020,43,32355,25,34
2020,44,40976,35,30
2020,45,53687,34,38
2020,46,60672,50,45
2020,47,58002,58,37
2020,48,46506,39,27
2020,49,60210,74,36
2020,50,58278,79,40
2020,51,56096,85,41
2020,52,48785,69,36
2020,53,51753,76,43
2021,1,62535,99,36
2021,2,57507,52,30
2021,3,52902,63,24
2021,4,49673,51,15
2021,5,52853,56,25
2021,6,51235,37,13
2021,7,45839,24,22
2021,8,50937,30,20
2021,9,48995,17,16
2021,10,51129,23,17
2021,11,49302,21,31
2021,12,50703,17,14
2021,13,45775,10,18
2021,14,45671,14,11
2021,15,45781,15,13
2021,16,42965,17,12
2021,17,44048,10,17
2021,18,40979,16,10
2021,19,38431,13,17
2021,20,38481,25,24
2021,21,33444,23,14
2021,22,30684,16,10
2021,23,30885,18,10
2021,24,30011,12,18
2021,25,28656,18,13
2021,26,30037,13,4
2021,27,31751,10,9
2021,28,35189,19,17
2021,29,36268,13,7
2021,30,39541,12,14
2021,31,42408,18,19
2021,32,51293,11,12
2021,33,55198,11,19
2021,34,64227,14,19
2021,35,66096,15,25
2021,36,57876,10,17
2021,37,64719,18,21
2021,38,60515,17,43
2021,39,62328,26,69
2021,40,69405,44,133
2021,41,65563,42,120
2021,42,73707,46,81
2021,43,76873,44,156
2021,44,81250,42,318
2021,45,86362,40,570
2021,46,96876,55,1218
2021,47,88510,45,1872
2021,48,110790,78,3368
2021,49,127744,54,5106
2021,50,141001,65,8094
2021,51,160092,81,8549
2021,52,190746,115,7610
2022,1,217213,76,4764
2022,2,196108,74,3628
2022,3,156688,73,2921
2022,4,128007,53,2314
2022,5,96589,45,2078
2022,6,91492,49,2490
2022,7,85820,67,3096
2022,8,79283,35,3312
2022,9,78760,46,4224
2022,10,77982,55,4804
2022,11,76472,52,5559
2022,12,80961,37,6184
2022,13,80235,117,6344
2022,14,84014,36,7371
2022,15,83426,30,7652
2022,16,86069,55,7134
2022,17,91755,44,7033
2022,18,95357,52,7538
2022,19,99961,66,6904
2022,20,100402,28,5835
2022,21,97945,40,5383
2022,22,92315,47,4359
2022,23,90143,36,2875
2022,24,85377,45,1953
2022,25,83599,41,1281
2022,26,83640,38,882
2022,27,82859,31,690
2022,28,81660,51,564
2022,29,83348,42,400
2022,30,79396,34,314
2022,31,73604,31,301
2022,32,67559,29,316
2022,33,74372,36,303
2022,34,76105,43,395
2022,35,76468,39,422
2022,36,71329,22,520
2022,37,73898,42,584
2022,38,78755,75,912
2022,39,76858,87,1423
2022,40,87378,113,2281
2022,41,96578,96,3414
2022,42,104832,118,5677
2022,43,122300,118,10328
2022,44,143938,154,18361
2022,45,153634,191,23048
2022,46,169233,195,31089
2022,47,167755,182,43266
2022,48,204193,176,52228
2022,49,194313,214,50873
2022,50,184276,221,44886
2022,51,160849,152,33444
2022,52,146862,180,22057
2023,1,129706,167,11715
2023,2,117524,170,5698
2023,3,114284,174,3582
2023,4,106389,179,2271
2023,5,103324,220,1689
2023,6,108042,296,1383
2023,7,103307,290,952
2023,8,99369,237,863
2023,9,97763,263,750
2023,10,93282,329,736
2023,11,90493,298,585
2023,12,88452,353,586
2023,13,81788,407,470
2023,14,77565,416,496
2023,15,66421,391,343
2023,16,60834,329,256
2023,17,57548,351,284
2023,18,56853,365,251
2023,19,58343,436,254
2023,20,51210,443,251
2023,21,47104,361,276
2023,22,44996,355,313
2023,23,42166,279,299
2023,24,38218,236,284
2023,25,35289,164,267
2023,26,32748,171,307
2023,27,32117,135,334
2023,28,32835,147,256
2023,29,32969,126,276
2023,30,33059,159,237
2023,31,33901,168,289
2023,32,38096,160,242
2023,33,42334,173,285
2023,34,49362,165,307
2023,35,55105,130,343
2023,36,57733,154,354
2023,37,61604,171,396
2023,38,64823,253,454
2023,39,64925,247,499
2023,40,67997,336,632
2023,41,68574,363,841
2023,42,70211,403,1029
2023,43,72147,475,1186
2023,44,80354,669,1852
2023,45,95597,1236,3237
2023,46,104551,1436,4386
2023,47,98994,1515,5182
2023,48,122970,1948,7631
2023,49,130816,2521,11657
2023,50,143910,3725,16960
2023,51,160801,5013,24134
2023,52,158418,5301,24695
2024,1,142841,4041,17072
2024,2,135499,4024,15905
2024,3,119865,4339,14472
2024,4,124781,5630,15493
2024,5,128083,7134,14753
2024,6,128117,8020,13356
2024,7,124347,8160,12147
2024,8,122121,8731,11242
2024,9,113716,7943,9954
2024,10,106944,7409,8691
2024,11,100810,6270,6529
2024,12,93380,4962,5416
2024,13,88957,4180,4569
2024,14,83879,3205,3761
2024,15,79866,2394,2878
2024,16,73480,1745,2250
2024,17,71692,1322,1771
2024,18,61402,928,1367
2024,19,55346,550,990
2024,20,53075,403,751
2024,21,51458,326,723
2024,22,46530,245,736
2024,23,44910,196,697
2024,24,43227,161,645
2024,25,40957,110,557
2024,26,39563,75,551
2024,27,39053,46,568
2024,28,42932,49,541
2024,29,42669,41,420
2024,30,45337,36,405
2024,31,46133,41,387
2024,32,47597,32,392
2024,33,51516,29,357
2024,34,54781,34,343
2024,35,60541,41,390
2024,36,59354,32,380
2024,37,61877,30,430
2024,38,62493,41,486
2024,39,56656,63,399
2024,40,65261,60,575
2024,41,68622,56,590
2024,42,71690,76,657
2024,43,74806,100,889
2024,44,73326,98,1144
2024,45,68145,97,1333
2024,46,61182,105,1448
